0.550879 2.48668 1.79665 -0.416604 -0.442694 -0.521234 0.165071 2.22239 1.90247 -0.315875 -0.344871 -0.254816
-3.30383 -3.44528 -2.98523 -0.115277 0.625166 -0.261817 -3.58266 -3.67024 -3.28669 -0.0243454 0.499179 -0.269414
-3.37602 -2.81332 -2.97349 -0.197156 -0.617141 -0.0194455 -3.47488 -2.53268 -2.94018 0.0372691 -0.475024 -0.0562806
0.680582 -0.368082 0.774492 -0.488195 0.59352 -0.410691 0.720385 -0.36066 0.648753 -0.5006 0.479202 -0.420414
0.203649 -0.331488 -0.577613 -0.976887 -0.323377 0.509012 0.0726962 -0.157063 -0.49428 -0.96068 -0.18997 0.448865
-0.496031 1.32454 -2.05113 -1.32001 1.53577 0.320356 -0.322564 1.24862 -1.88725 -1.22656 1.24553 0.320505
-0.605078 -1.2078 -1.57921 -0.259597 -0.693467 -0.223081 -0.360343 -1.39001 -1.57468 -0.316113 -0.715559 -0.203015
-0.966723 -1.4476 -2.12429 0.246846 -1.00024 1.04109 -0.93297 -1.50167 -2.27814 0.180736 -1.06656 1.02386
-1.46829 -0.74217 -1.75741 -0.282154 -0.301892 -0.391851 -1.63176 -1.02158 -2.26184 -0.134985 -0.378814 -0.254221
-1.12981 -0.971297 -1.10922 -0.0857918 -0.243882 -0.631037 -1.37074 -0.897074 -1.33111 -0.0874317 -0.372154 -0.567712
-1.74165 -2.05427 -1.79567 0.592132 0.480245 -0.354933 -1.61852 -1.99371 -1.46545 0.561944 0.505619 -0.506996
-1.38095 -0.953061 -0.593398 -0.078375 -0.231418 -0.217959 -1.48196 -0.964061 -0.494023 -0.139587 -0.120781 -0.194155
1.16036 -1.02058 -0.195057 -0.112322 1.37413 -0.289929 1.26877 -1.09142 -0.25315 -0.125845 1.30596 -0.325487
-2.94466 -2.81045 -1.56035 0.377375 0.243474 0.441916 -2.90329 -2.94954 -1.55057 0.513216 0.230635 0.374023
-1.36494 0.078231 -0.0175848 -0.396841 0.0922636 0.235425 -1.33161 -0.00632672 -0.0899021 -0.296973 0.116186 0.199603
-0.842881 -1.14201 -2.52082 -0.577798 0.600738 0.470511 -0.915209 -1.25899 -2.6313 -0.384794 0.51651 0.558912
1.48016 1.48516 1.80524 -0.898624 0.519012 0.934923 1.36303 1.38443 1.79365 -0.812204 0.447566 0.907135
-1.96927 -2.26891 -0.779999 -0.202724 -0.313059 -0.781978 -2.08759 -2.18168 -0.80359 -0.122657 -0.29016 -0.81773
-0.586171 0.409622 0.351961 -0.359953 0.598219 0.200364 -0.819877 0.491818 0.252515 -0.285414 0.61952 0.12104
-1.92165 -2.12794 -1.80613 0.369465 -0.237279 -0.412948 -1.99864 -2.19461 -1.85063 0.458522 -0.379354 -0.416177
-1.85648 -0.850758 -0.444759 -0.125448 0.0380522 0.929566 -1.97521 -0.780747 -0.171574 -0.132884 -0.0366667 1.02682
1.09642 1.58603 0.642069 -0.129015 -0.406724 0.125126 0.819905 1.58185 0.834107 -0.118379 -0.602483 0.130176
0.855012 0.745741 1.10054 -0.281748 0.0370398 1.38552 0.726205 0.339671 1.13425 -0.217259 0.000531533 1.23012
-1.67475 -2.13666 -3.18136 0.492452 -0.692811 0.464081 -1.33992 -2.15746 -3.28154 0.413319 -0.605082 0.380071
0.26042 0.639493 0.68238 0.210685 0.349046 0.348877 0.206961 0.498381 0.71626 0.227382 0.37651 0.365264
1.68331 0.935196 1.06142 0.373266 -0.596717 0.0972888 1.43928 0.606657 1.01355 0.336525 -0.74082 -0.132663
-0.394849 -0.727099 -0.739691 0.066413 0.0506681 0.170395 -0.386879 -0.709384 -0.824666 -0.0454077 0.0925203 0.150909
-3.81348 -2.56494 -2.82871 -1.65238 -1.17825 -0.168744 -3.66233 -2.31959 -2.92164 -1.59711 -1.1518 -0.00520739
0.301885 1.17111 1.32689 0.164949 0.742767 1.05227 0.166891 1.15918 1.43864 0.121882 0.672187 0.976268
-0.918246 -0.75318 -0.782299 -0.086746 -0.478073 -0.0948456 -1.1075 -0.61086 -0.576359 0.027371 -0.453271 0.0338701
-0.675809 -1.06253 -0.850228 -0.589904 -1.12059 -0.354557 -0.747343 -1.12043 -1.00212 -0.511198 -1.09893 -0.313261
0.286308 0.622656 1.08751 -0.127417 0.116354 0.314829 0.570709 0.953378 1.33237 -0.234825 0.307958 0.308497
-0.0543851 -0.434702 -0.202408 0.270811 0.0948089 -0.646551 -0.104431 -0.496117 -0.023835 0.279086 0.0861164 -0.542644
-0.550387 -1.24124 -0.804324 0.393556 -0.237093 -0.583563 -0.742676 -1.1837 -0.836265 0.355176 -0.244234 -0.715215
0.231597 -1.02122 -0.299555 1.13438 0.203182 0.257543 0.071628 -1.17134 -0.173797 1.26576 0.232718 0.124269
1.84774 1.40266 0.809248 -0.125431 -0.372055 0.553992 1.56891 1.35181 0.843154 -0.0896654 -0.297917 0.516212
-1.46122 -1.10893 -1.13244 -0.419584 0.243821 0.483243 -1.27931 -1.13124 -1.12331 -0.505358 0.154889 0.388966
0.100957 1.19902 0.0861716 0.301174 -0.63277 0.373901 0.145198 0.884381 0.0772894 0.337235 -0.457229 0.54094
1.6246 2.21071 0.80052 0.43136 0.0970754 -0.332074 1.58278 1.87254 0.74649 0.495323 0.143475 -0.245558
-1.36968 -0.735817 -1.27592 -0.460748 -0.494305 0.280688 -1.06799 -0.609344 -1.22858 -0.439811 -0.481634 0.337912
-0.604615 -1.0713 -0.104665 -0.968074 1.4764 -0.977121 -0.547367 -1.26057 -0.110796 -0.799923 1.39949 -0.989644
0.146162 1.23489 0.254103 0.201881 -0.382302 0.370485 -0.0135626 1.11401 0.314892 0.391412 -0.426667 0.403502
-1.6252 -1.85173 -1.71244 0.149932 -0.116929 -0.202589 -1.52465 -1.90215 -1.64579 -0.0108752 -0.0739656 -0.192356
0.956383 0.809835 1.63309 0.158287 -0.585038 0.532562 0.745905 0.572612 1.70728 0.100333 -0.6536 0.533278
-2.49096 -3.32579 -1.55007 0.642054 -0.615212 -1.62938 -2.74484 -3.49562 -1.61835 0.743991 -0.578349 -1.50294
-1.25283 -1.96205 -1.04818 0.532621 -0.439486 0.0400869 -1.49071 -2.06646 -1.0176 0.684314 -0.445897 0.0495624
-1.20349 -2.35268 -2.13477 0.427864 0.184639 0.336694 -1.3185 -2.42615 -2.07458 0.382548 0.139845 0.433171
-2.72613 -2.54064 -2.74317 -0.443754 -0.0955981 -0.513585 -2.51974 -2.51109 -2.73185 -0.484493 -0.170562 -0.423815
0.265809 -0.102255 -0.466413 0.622793 0.101878 0.0475707 0.201137 -0.0846531 -0.461985 0.696756 0.279595 0.19269
-0.810116 0.0839977 -1.66191 -0.55176 -1.1217 -0.693263 -1.05556 -0.0404862 -1.8082 -0.42841 -1.02086 -0.663534
-0.486796 -0.219408 -0.298709 -0.0995495 0.121131 -0.0355565 -0.793276 -0.599982 -0.252345 -0.0140649 0.0376476 0.0717118
0.51354 0.753926 0.730879 -0.789834 -0.102122 1.03255 0.512988 0.427824 0.68491 -0.69773 -0.0258767 0.989712
2.66308 1.69395 2.52564 0.892814 1.20755 0.4198 2.80834 1.57433 2.24183 0.768773 1.33483 0.408466
1.11013 1.52374 1.76331 1.24462 0.940116 0.11916 0.81806 1.5385 1.97443 1.13004 0.957115 0.140976
1.73547 1.78819 2.00486 0.899183 0.338059 0.787223 1.34526 1.44022 2.09709 0.833678 0.342561 0.750834
2.06881 1.53086 1.23601 0.772305 -0.5149 0.909235 2.00392 1.55051 1.39999 0.688675 -0.669124 0.735088
-0.250349 -2.38544 -1.75001 0.339061 -1.16113 -0.647196 -0.2449 -2.22587 -1.84415 0.385822 -0.97583 -0.458998
-1.43252 -2.10409 -2.51189 0.31142 1.09352 -0.565497 -1.31178 -2.12492 -2.25882 0.290776 0.915284 -0.442906
0.223822 0.44961 0.454585 0.234985 0.858716 0.0783803 0.212334 0.413001 0.551948 0.192174 0.844276 0.0748402
-0.106518 -0.50188 0.428065 0.157783 0.640622 0.104263 -0.163421 -0.354424 0.226954 0.120096 0.611091 0.184678
-0.461984 -0.869066 -0.191616 0.33245 0.128632 0.182599 -0.810912 -0.988469 -0.145206 0.19769 0.078091 0.163624
-3.6659 -0.483003 -2.0431 -0.477713 0.182733 -0.478272 -3.75922 -0.131602 -2.33917 -0.403112 0.234686 -0.505547
-1.11603 -2.0126 -1.61988 0.0386346 0.479912 -0.558178 -0.888109 -2.35854 -1.51191 -0.0408648 0.308376 -0.575716
-1.66793 -1.42496 -1.86367 0.0565561 0.352828 -0.15374 -1.728 -1.2855 -2.10542 0.0729322 0.347109 -0.0479363
0.42721 1.29667 0.939539 -0.687073 -0.831317 0.0812547 0.402187 1.2071 0.885538 -0.704222 -0.744611 0.112838
-0.57483 -0.411434 -0.210071 0.102596 -0.184111 0.253943 -0.52047 -0.4375 -0.294898 0.27749 -0.100388 0.356663
0.215841 0.523929 0.613125 0.650288 -0.151652 -0.072001 0.440545 0.750326 0.838317 0.615882 -0.0400379 -0.109817
0.132427 -1.12354 -0.0434662 -0.302679 0.611672 -0.240268 0.271768 -1.16683 -0.223375 -0.29762 0.648462 -0.250937
1.57513 1.45367 1.45222 0.0668444 -0.148436 -0.114306 1.37104 1.44486 1.51731 0.0913555 -0.0778699 -0.213586
0.267031 -0.173266 -0.40434 -0.268535 -0.627972 -0.132402 0.139073 -0.305178 -0.584112 -0.234279 -0.555049 -0.238974
-3.5633 -2.4371 -2.15608 -0.691872 -0.249523 0.209826 -3.50542 -2.32859 -2.1448 -0.616567 -0.227146 0.188208
-0.867714 -0.121069 -1.06765 0.244662 -0.339471 -0.0996267 -0.653143 0.0250498 -1.30029 0.24851 -0.176082 -0.0889288
2.15328 2.94809 2.04258 0.909556 0.401468 0.382462 2.08922 2.73066 1.73227 0.974878 0.495062 0.320873
-1.84256 -1.91604 -0.707817 -0.0696792 -1.45326 -0.886433 -1.88055 -1.99222 -0.562196 -0.0143502 -1.35617 -0.883802
-2.69107 -2.58982 -2.14323 0.395865 -0.316239 0.157078 -2.57671 -2.6275 -2.33723 0.397462 -0.356441 0.0431623
-0.181233 -0.160188 0.301655 -0.634541 -0.10702 0.405318 -0.356344 0.0359184 0.195082 -0.634672 0.0565589 0.353026
-0.00969215 -0.0202758 1.14697 -0.562432 -0.247755 0.0224877 0.0823028 -0.180737 1.10793 -0.749643 -0.324963 -0.0368976
-2.80382 -0.897595 -0.666266 -0.554015 0.385951 0.0745506 -2.85599 -0.857627 -0.96546 -0.636793 0.420956 0.164918
0.805706 0.190493 -0.311336 0.428446 0.471491 0.401968 0.79064 0.338628 -0.373054 0.406939 0.361241 0.4477
0.0483004 -0.967541 -0.0846755 -0.242409 0.70376 -0.327502 0.179421 -1.01643 0.0299405 -0.181161 0.749412 -0.410904
2.45945 2.57913 2.07205 0.601778 0.130256 -0.313166 2.20823 2.74093 1.85329 0.583912 0.206943 -0.254896
0.138212 0.0644534 0.0830081 0.502732 0.487439 0.381161 -0.0427066 -0.12916 0.0306355 0.630914 0.610678 0.511666
-1.32382 -1.75904 -1.68481 0.255548 0.792451 -0.454028 -1.42497 -1.69463 -1.76326 0.38719 0.603173 -0.414402
-0.829309 0.566126 0.302027 -0.164983 0.389372 -0.957726 -0.78674 0.81727 0.172868 -0.149888 0.253313 -0.835392
1.34008 0.915605 0.604677 -0.324961 -0.0307298 -0.793078 1.36653 0.870741 0.744662 -0.345541 0.0410756 -0.632764
-2.83943 -2.51848 -3.74786 -0.0188526 -0.216577 0.458757 -2.78371 -2.39989 -3.88237 -0.0483213 -0.216882 0.521796
0.16806 0.139383 -0.0859941 -0.217852 0.0616685 -0.211161 0.165991 0.243522 -0.261949 -0.204326 0.12273 -0.260903
-0.418413 -0.724348 -1.5635 -0.119493 0.0759019 0.450679 -0.470199 -0.556381 -1.65561 -0.153212 -0.0329167 0.415624
-0.576983 -0.896008 -0.566952 0.117688 -0.115137 -0.387619 -0.619995 -1.11798 -0.636233 0.227669 -0.0106539 -0.251496
0.501763 -0.0832962 -0.335297 -1.11545 0.814807 -0.518422 0.549259 -0.183372 -0.378538 -1.10183 1.01604 -0.531698
-2.11746 -1.36242 -1.56769 -0.189912 -0.112242 -0.328309 -2.43168 -1.27628 -1.49728 -0.294487 -0.144413 -0.225112
-2.10567 -2.28958 -2.09937 -0.642023 -0.0683667 0.0979555 -2.07324 -2.55639 -2.13858 -0.634581 0.0398454 -0.00742044
1.77296 0.434872 1.21832 0.796983 -0.125187 0.00168439 1.66581 0.356059 1.02681 0.812464 -0.196899 0.156147
1.28761 0.710293 1.81102 0.352938 0.653486 -0.850723 1.39707 0.584914 1.49664 0.372081 0.67633 -0.71538
-0.00339771 -1.3173 1.42981 1.36403 -1.07822 0.144049 0.0066448 -1.27086 1.38187 1.25584 -0.99768 0.0726392
-2.19269 -1.88618 -3.49364 -1.29177 0.0293359 0.539766 -2.10999 -1.74008 -3.39824 -1.18706 -0.0247709 0.629472
-0.856898 0.172548 0.314088 1.0147 -0.0216203 0.220266 -0.948465 -0.0497771 0.356015 0.926466 -0.129878 0.278475
0.19749 0.74384 0.379058 -0.405238 1.02031 -1.01346 -0.155948 0.735768 0.484889 -0.417237 1.0207 -0.839174
-1.11988 -0.835949 -0.255357 -0.677548 0.276626 -0.829396 -1.07255 -0.795066 -0.257525 -0.673688 0.282847 -0.682627
-1.22301 -0.272337 -0.411916 0.321236 -0.273892 -0.608351 -1.36568 -0.447279 -0.472604 0.367952 -0.155408 -0.524553
-2.70393 -2.21762 -1.33723 -0.0950178 -0.00148154 -0.374873 -2.78807 -2.28846 -1.31391 0.00592187 0.0384067 -0.44366
-0.46339 -0.362879 -1.27885 0.0456961 0.77479 -0.487991 -0.440609 -0.577666 -1.31641 -0.0709257 0.787677 -0.650719
-2.03883 -2.67969 -2.60863 -1.1771 0.761188 -0.48533 -1.91455 -2.70059 -2.6042 -1.02869 0.753376 -0.487029
0.167035 0.626457 0.976176 -0.387923 -0.630405 0.16897 0.266685 0.456288 0.786957 -0.431574 -0.503745 0.211929
-0.526727 -0.2653 -0.164044 0.0105919 0.661545 0.157757 -0.603633 -0.399535 -0.115906 -0.0128832 0.534121 0.287809
-1.98713 -2.0311 -2.70209 -1.76048 -0.416353 -0.76104 -1.88234 -2.23681 -2.6279 -1.72022 -0.44111 -0.861024
0.200861 0.266028 0.276112 -0.0403459 0.120653 -0.043989 0.0376275 0.248568 0.158289 0.0379364 0.0908028 0.0389493
-0.63213 -0.662224 -0.862151 -0.33729 -0.568116 -0.739544 -0.773573 -0.76458 -0.750146 -0.427904 -0.566614 -0.687225
1.84347 2.36314 2.08969 0.11379 0.405616 0.39749 1.75901 2.10134 1.79978 0.00801828 0.548494 0.384332
-3.4108 -2.52958 -3.56254 0.519381 0.033555 0.57629 -3.46763 -2.48794 -3.5157 0.55785 0.0728052 0.611572
-1.56821 -2.44051 -3.16664 -0.395954 -0.850252 -0.349827 -1.5008 -2.48637 -3.19615 -0.503353 -0.728405 -0.235417
-1.75811 -0.0401892 -1.39887 -0.593996 0.525426 1.20101 -1.82423 0.0670309 -1.68226 -0.488776 0.462483 1.08233
1.5677 -0.331802 -0.381 -0.296683 0.0828805 -0.306245 1.73434 -0.581051 -0.377678 -0.432171 0.0678106 -0.218233
1.2159 -0.149702 0.0907024 0.678897 -0.214213 0.1848 1.20045 -0.278319 -0.0338958 0.475173 -0.281175 0.127299
-0.194351 0.814637 0.623054 -0.0522813 -1.12341 1.23924 -0.398798 0.832817 0.56559 0.00675714 -0.937005 1.05343
0.972879 0.0573244 0.512291 0.437219 0.994357 1.00662 0.86442 0.119266 0.364049 0.40564 0.890486 0.924988
1.43754 -0.442148 -0.252331 0.195037 0.166107 -0.804551 1.44239 -0.790196 -0.141289 0.176658 -0.0126082 -0.663503
2.24481 2.14435 -0.396643 -0.65977 -0.18656 -0.895197 2.29797 2.1427 -0.319794 -0.716839 -0.0666199 -0.890534
-2.74463 -2.49644 -0.140388 -0.0967655 0.108875 -0.633341 -2.78832 -2.70496 0.0206909 -0.112744 0.121739 -0.740737
-2.22138 -0.222029 -1.0121 0.126789 0.082776 -0.17044 -2.26791 -0.321919 -0.96601 -0.0366059 -0.0294335 -0.167288
-0.00429859 -0.894934 -0.113888 -0.14874 -0.0234024 -0.383134 -0.240053 -0.789587 -0.25694 -0.189498 0.23041 -0.2684
1.08123 -0.490538 0.660585 -0.17348 -0.913758 -0.19086 0.90249 -0.695995 0.693612 -0.330057 -0.834321 -0.405513
-0.386716 -1.66207 -1.39603 0.377762 -0.405049 0.220384 -0.200915 -1.66123 -1.44749 0.262327 -0.420485 0.333304
1.03013 0.556156 -0.0525661 1.37476 -0.670655 -0.390292 0.753211 0.514681 -0.176354 1.4861 -0.547637 -0.356952
-1.10003 -0.576361 0.0888628 0.254515 -0.642222 0.656493 -1.07142 -0.658868 -0.06788 0.278792 -0.48136 0.588386
0.675431 -1.78392 -0.507975 -0.317659 0.851431 -0.0859102 0.313326 -1.73925 -0.689173 -0.38567 1.02202 -0.0953544
1.88542 1.14057 2.73393 0.369478 1.19011 0.384711 1.87058 0.87865 2.5141 0.291405 1.22984 0.224737
1.20264 1.08964 1.02368 -0.225853 0.22441 -0.284944 1.08486 1.00204 1.01692 -0.307004 0.343139 -0.343305
-0.281097 0.0128194 0.235169 -0.444984 0.429859 -0.159082 -0.583989 -0.0512071 0.19408 -0.419021 0.516603 -0.107229
-0.510692 -0.922347 -0.569837 0.841553 -0.94824 0.112951 -0.458162 -1.24834 -0.535406 0.649015 -0.824027 0.187851
-0.0804646 0.706389 1.51792 0.508971 0.656944 0.088469 -0.224461 0.686557 1.73211 0.462233 0.773853 0.0488163
-2.03131 -2.25804 -1.4894 -0.0750762 -1.33227 0.0182424 -2.07772 -2.04622 -1.64768 -0.06654 -1.33654 0.0392593
-0.206796 -0.556522 -0.945808 0.874381 -0.689338 -0.49662 -0.29046 -0.710771 -0.827829 0.698367 -0.714394 -0.468276
0.391479 2.13282 1.44457 -0.397013 -0.295925 1.24405 0.277483 2.04337 1.28287 -0.442962 -0.317476 1.28741
-2.35544 -1.2184 -2.56866 -0.354742 0.251659 -0.00184095 -2.31314 -1.45327 -2.59715 -0.444963 0.224061 -0.129542
0.408325 -0.121307 -1.38106 0.359341 -0.0899503 -0.163438 0.27975 -0.00952152 -1.49428 0.460595 -0.0572116 -0.0783101
-0.477131 0.0682098 -0.766094 0.440009 0.242967 -0.545434 -0.610775 -0.0498009 -0.866891 0.345314 0.233299 -0.50207
-0.222138 -2.49473 -0.743854 0.264953 0.118068 0.820953 -0.1415 -2.3384 -0.550897 0.147812 0.154919 0.823155
-1.77896 -3.02294 -3.35129 0.646425 0.630677 -0.291647 -1.89717 -2.71084 -3.3621 0.584745 0.466717 -0.309171
-2.31872 -0.953984 -2.92145 0.0356879 0.36825 -0.422923 -2.25142 -0.769518 -3.0672 0.0241071 0.371102 -0.330434
-1.98644 -0.567866 -0.750109 -0.200749 -0.365606 0.342474 -1.91614 -0.365232 -0.952141 -0.178608 -0.230852 0.287874
-1.02633 -0.815626 -1.98285 -1.29064 -0.0691701 -0.012089 -1.07721 -0.857549 -1.86417 -1.16106 -0.135624 -0.0424593
-1.43897 -2.42512 -1.5395 1.12255 -0.992251 -1.45104 -1.68347 -2.23579 -1.54497 1.10287 -1.00669 -1.42426
2.52854 0.416945 1.44152 0.20975 -0.546814 0.0658797 2.21212 0.238464 1.34942 0.0807097 -0.63027 -0.016914
-1.59107 -0.929489 -1.24877 -0.219344 -0.0185656 -0.0634508 -1.49787 -0.789834 -1.34349 -0.423984 0.180517 -0.0050827
-1.2793 -0.931808 -2.36007 0.461592 0.0664828 -0.550621 -1.42897 -0.863712 -2.24361 0.465604 0.143276 -0.389738
1.86146 1.75364 0.450165 0.241157 -0.608457 -0.73145 1.84042 1.69934 0.183423 0.299976 -0.524516 -0.807495
-2.59204 -1.87497 -3.63081 -0.860266 1.10534 -0.000401573 -2.41914 -1.99096 -3.49922 -0.924409 0.966859 0.0151872
-0.102606 -0.214562 -0.722086 -1.15798 -0.439076 1.20972 0.019481 -0.15604 -0.922595 -0.903059 -0.469614 1.13162
-3.52938 -2.96215 -0.888361 -0.623201 0.794618 0.133163 -3.35263 -2.84064 -0.723566 -0.639121 0.813026 0.0181039
1.16794 1.23583 1.33536 -0.623959 0.251841 0.0985081 1.05751 0.998888 1.17999 -0.529155 0.183207 0.0614101
0.140318 1.22841 0.954432 -0.174958 -0.499255 -0.76362 -0.0213351 1.23556 0.899589 -0.0598267 -0.597634 -0.66023
1.2548 1.4915 1.79852 0.484752 0.316026 0.0745232 1.26918 1.43876 1.5527 0.396131 0.29607 0.0229486
1.92072 0.902379 2.29288 0.0471997 -0.231004 0.424194 1.81908 0.879361 2.37102 -0.0499089 -0.298456 0.284449
-2.8454 -2.14678 -2.50927 -0.144334 -1.43096 0.611083 -2.96333 -2.21491 -2.53775 -0.0478402 -1.57344 0.509437
-0.884487 -1.14231 -1.48675 0.0636838 0.373159 -0.374584 -0.858942 -1.35441 -1.63528 0.0905149 0.342912 -0.250351
0.109933 0.869744 -0.427701 -0.719395 0.393145 -0.532728 0.158636 0.614396 -0.439767 -0.736982 0.360983 -0.451154
-0.80547 -1.96597 -1.72025 -0.0486946 0.338999 -0.346463 -0.993362 -1.99045 -1.42605 -0.126221 0.336625 -0.355182
0.267919 0.95209 -0.457052 0.847765 -0.364405 0.161094 0.318714 0.835108 -0.741629 0.912527 -0.434053 0.311043
-0.543989 -1.80331 -1.02241 -0.11887 -0.498107 -0.388503 -0.44211 -1.79106 -1.03529 -0.0289103 -0.450825 -0.364809
-0.659762 0.688433 -1.58762 0.744015 0.239257 -0.790235 -0.73575 0.433117 -1.46324 0.806108 0.192136 -0.822526
-2.85487 -2.0541 -0.503856 -0.550708 0.361292 0.410077 -2.89283 -2.22313 -0.584833 -0.640982 0.420552 0.378462
0.428634 -0.776624 -0.479835 0.42688 0.112456 -0.734144 0.368388 -0.642053 -0.315877 0.41337 -0.134374 -0.804691
1.51292 0.0224345 0.561299 0.609175 -0.931788 -0.498017 1.3587 0.362701 0.517249 0.670757 -1.03814 -0.467007
-0.668737 -1.83814 -2.54141 0.47085 -0.0330194 -0.979886 -0.703025 -1.81053 -2.43967 0.565918 -0.0888756 -1.00224
-2.14553 -1.36771 -2.56967 -0.179597 0.342543 -0.657485 -2.0377 -1.50706 -2.42713 -0.0486811 0.254855 -0.599734
0.291374 0.6984 0.638151 0.74604 0.241135 -0.91835 -0.0449479 1.20595 0.478912 0.805539 0.369702 -1.03805
-1.06021 0.341556 -1.03612 -0.541039 -0.597274 0.179733 -1.18846 0.181541 -1.0761 -0.356204 -0.457195 0.332658
-2.00183 -1.05283 -0.14163 -0.946252 -0.850881 0.81834 -2.01781 -1.26048 -0.112114 -0.9182 -0.807016 0.619088
0.0942853 0.211932 -0.971881 0.89771 1.00497 0.122099 -0.00911585 0.183641 -0.94856 0.98267 0.981122 0.0611132
-0.179601 2.29279 1.79079 0.479869 -0.0435135 1.06254 -0.0682107 2.13313 1.99899 0.469553 -0.185021 0.845392
-2.01704 -1.09359 -0.594025 0.658784 -0.0354874 0.634428 -2.06802 -0.995535 -0.927408 0.525881 -0.146232 0.612152
2.21079 1.62307 -0.0808049 -0.479309 -0.891335 -1.49763 2.16003 1.55117 -0.125344 -0.636415 -0.852861 -1.38115
-0.685534 -0.0332015 0.0157287 -0.900067 -0.900457 -0.189371 -0.871232 -0.0816921 -0.194805 -0.74947 -0.754183 -0.230106
-1.57025 -0.640143 -3.21722 0.0939824 -0.615378 -0.491638 -1.42027 -0.909702 -3.27883 0.0352872 -0.623169 -0.38684
-3.37756 -2.61105 -2.1522 -0.461855 -0.962898 0.258811 -3.29139 -2.36065 -2.5381 -0.438728 -0.935584 0.13657
0.122368 -0.288827 -0.534768 -1.19618 -0.363462 -0.0404281 0.186872 -0.454089 -0.286485 -1.3455 -0.407305 -0.1617
-1.55784 -0.755886 -1.33576 -0.847853 0.747447 0.878806 -1.59425 -0.810646 -1.40587 -0.706742 0.730748 0.90247
-0.24182 -0.379901 -0.954453 -0.0486959 0.567496 1.09336 -0.19543 -0.273954 -0.909307 -0.0335819 0.52975 1.03392
-2.18063 -1.95209 -1.55172 0.529319 -0.309754 -0.107726 -2.16562 -1.77293 -1.69016 0.561308 -0.348946 -0.014056
-0.357424 0.72973 -0.715493 0.344812 -0.203048 -0.382796 -0.439415 0.869847 -0.977589 0.380872 -0.337766 -0.534624
0.745302 1.65256 0.266757 0.00150162 -0.106172 -0.198089 0.834383 1.93045 0.370569 0.234615 -0.143695 -0.19365
-1.55703 -0.351292 -0.484808 0.754695 0.931123 0.549084 -1.66306 -0.237679 -0.235404 0.778118 0.818502 0.521423
1.09868 0.871651 1.66772 -0.414771 -0.0324727 0.0764223 1.11765 0.792866 1.83954 -0.233002 0.00797961 -0.0115211
-2.07015 0.734261 -0.846862 -0.143362 0.254079 -0.0283389 -2.24304 0.764118 -0.578214 -0.0535608 0.402299 0.0436387
1.30833 2.51298 1.1155 -0.315002 0.969002 -0.263457 1.49474 2.64019 1.2049 -0.269432 0.895011 -0.265933
-0.799051 -1.50535 -1.57005 0.725369 -0.499072 0.0719237 -0.654178 -1.44568 -1.53908 0.774035 -0.442944 0.19008
0.243227 0.916605 -0.0584117 -0.182229 0.362819 -0.296662 0.39315 1.02501 -0.0792911 -0.146196 0.502572 -0.34706
1.43558 0.535363 0.238512 0.489056 -0.306527 -0.21609 1.55007 0.307741 0.0809641 0.306195 -0.336317 -0.333616
-0.994038 -1.77 -1.97212 -0.50332 0.644745 -0.574899 -1.24491 -1.80583 -1.94955 -0.584207 0.461245 -0.652347
1.21356 -0.0216039 2.43285 0.176935 0.473465 0.429999 1.18758 -0.0989093 2.33758 0.181581 0.360512 0.449748
-0.983889 -1.74283 -0.606528 -0.255249 -0.810407 0.45241 -0.987391 -1.57228 -0.636153 -0.144299 -0.858736 0.351832
0.363494 1.68128 -1.25165 0.875676 0.190868 -0.16512 0.337815 1.68377 -1.15699 0.969782 0.369689 -0.14719
-2.84938 -3.76673 -1.93513 0.0662847 -0.402449 -0.0604725 -2.79522 -3.63761 -1.65739 0.123403 -0.555149 -0.112488
-2.92406 -2.52759 -1.59767 -1.52906 -0.378189 0.728954 -2.75935 -2.45078 -1.39234 -1.59142 -0.451486 0.746324
-1.50569 -1.23377 -1.36899 0.0467406 -0.777282 -0.532628 -1.59671 -1.22271 -1.50888 0.153468 -0.696665 -0.424493
-0.724124 -0.816748 0.0522009 0.26742 0.151098 -0.593522 -0.780303 -0.643475 0.113737 0.304449 0.399209 -0.563783
0.895604 0.39496 -0.942504 -0.914758 -0.272494 0.197239 0.848236 0.428888 -1.1308 -0.948126 -0.29654 0.213519
-0.606798 -0.930772 -0.368848 -0.743425 0.383009 -0.172577 -0.507109 -0.83331 -0.429307 -0.674273 0.282782 -0.309313
-2.37635 -2.17486 -1.01626 0.0744523 -0.0538728 -0.983424 -2.41481 -2.23705 -0.983926 -0.0524786 -0.0234399 -0.959459
-1.14418 1.54956 -0.298463 0.0640568 -0.0168883 0.0215939 -1.11267 1.60615 -0.185677 -0.018086 -0.0113937 0.0143691
-0.0204455 -1.18848 -0.874026 0.71701 -0.387066 0.226331 -0.150537 -1.20522 -0.921451 0.674965 -0.385734 0.165329
-1.5234 -0.820612 -0.505149 -0.119388 -0.386894 -0.306002 -1.61102 -0.9545 -0.521721 -0.130969 -0.276871 -0.209153
2.33746 1.50332 0.993703 0.185197 0.461103 1.09576 2.23522 1.47069 1.0613 0.158749 0.418284 0.951614
1.20996 1.02018 1.01713 0.949391 0.524187 -0.248332 1.16227 1.10683 0.841671 0.945653 0.511779 -0.238186
-0.436329 -0.87109 -0.00173037 -0.344707 0.133821 -0.415255 -0.493231 -0.863809 -0.0607231 -0.340049 0.0496313 -0.429423
1.51108 0.714349 0.554796 0.881428 1.05484 0.304548 1.51366 0.973149 0.412294 0.710241 0.934694 0.193089
-0.533928 -0.799409 0.891265 -0.221111 -0.025889 -0.815817 -0.540258 -0.716862 1.24133 -0.323864 0.0952385 -0.637235
1.92893 0.573883 -0.57858 0.263814 -0.104271 -0.00689058 1.99695 0.586842 -0.644391 0.249211 -0.0824905 0.0496711
-1.04333 -0.800818 -2.34825 -1.01886 -0.091117 -0.256743 -0.678837 -0.828348 -2.35066 -1.16375 -0.136558 -0.209369
-0.744146 -2.01781 -0.492945 1.26948 0.000170895 0.105844 -0.831311 -1.86869 -0.53233 1.20486 -0.0350116 0.00124795
-1.72023 -0.782429 -1.09734 -0.49457 0.351005 -0.349597 -1.72054 -0.995364 -0.967793 -0.561513 0.308214 -0.303452
0.181819 -0.556353 -0.42364 -0.372686 -0.102419 0.150956 0.18907 -0.475226 -0.591258 -0.309732 -0.113122 0.244283
1.33428 0.6706 1.55178 -0.0363665 0.300145 0.102126 1.1086 0.460915 1.62208 0.0779506 0.443607 0.312481
-1.23974 -1.68606 -0.932976 0.371474 0.820586 -0.6309 -1.37021 -1.45069 -0.653703 0.511165 0.898885 -0.49092
-2.58588 -3.09328 -2.32948 0.717649 -0.1386 -0.716999 -2.58498 -3.00385 -2.14992 0.700402 -0.0508984 -0.635104
1.16426 1.73417 0.837339 0.156462 0.607002 0.645548 0.968322 1.74205 0.907277 0.172883 0.574252 0.650191
-1.02816 0.192234 -2.78737 -0.421986 0.118702 -0.442066 -1.00228 0.237446 -2.75619 -0.485349 0.0901974 -0.631461
-2.08972 -1.19774 -1.77116 0.59577 -0.235558 0.31155 -2.04433 -1.06552 -1.8229 0.585502 -0.185284 0.408572
-1.25208 -1.60263 -2.4451 -0.0945815 0.0466057 0.171643 -1.41371 -1.41185 -2.34801 -0.0731901 0.14137 0.121495
-1.1286 -1.54017 -1.7448 -0.461195 0.0830493 0.270065 -1.48811 -1.52419 -1.74266 -0.307325 0.0799273 0.467872
-0.000602007 -1.86117 -1.12729 -0.657312 -0.140195 0.376323 -0.125598 -1.72176 -1.15004 -0.490321 -0.108538 0.351442
-1.4325 0.492103 0.104239 -0.206546 -0.338654 -0.496416 -1.33342 0.590649 0.042084 -0.161468 -0.191884 -0.452539
0.588815 1.26436 -0.719978 -0.930261 -0.626387 0.39778 0.386733 1.42314 -0.508997 -0.883198 -0.88973 0.309604
0.620572 0.15158 0.175239 -0.468417 0.0364829 0.367565 0.530587 -0.163289 0.223287 -0.401759 0.0722499 0.326448
0.536258 -0.597844 0.417058 0.782377 0.558161 0.509175 0.488615 -0.783616 0.535142 0.725645 0.553662 0.487806
-0.866691 -1.59756 -1.20016 0.0689251 -0.660225 -0.767679 -0.970127 -1.70925 -1.20731 -0.0102848 -0.468097 -0.748246
-0.565469 -0.442635 -1.09479 -0.143315 -0.374922 0.0469107 -0.772226 -0.410894 -1.30488 -0.0728252 -0.300257 0.135193
0.0215424 0.165876 -0.680444 0.333475 0.00383548 -0.138131 -0.232181 0.155822 -0.779147 0.213943 -0.0350784 -0.0342329
-0.508228 -0.677586 -0.141712 -0.286835 0.115479 -0.64529 -0.714933 -0.625965 -0.172895 -0.26278 0.0486971 -0.588651
-0.743668 -1.05978 -0.476325 -0.178177 0.145203 0.13133 -0.768677 -1.01908 -0.542526 -0.1848 0.167965 0.184853
0.00696627 -0.185765 -0.755456 -0.252093 -0.133978 -0.479574 -0.205747 -0.292 -0.817583 -0.345832 -0.201318 -0.379784
0.168802 0.690522 -0.264761 0.392874 0.379879 -0.616511 0.133446 0.625826 -0.322349 0.422289 0.336056 -0.512922
-0.970543 -0.848195 -1.19819 -0.444988 0.160044 -0.220686 -0.972108 -1.00486 -1.17524 -0.444254 0.198476 -0.211411
0.35143 -0.34034 0.510227 0.597548 -0.144201 0.0337524 0.0905756 -0.39055 0.44228 0.56812 -0.133823 0.0710445
0.301292 0.169157 -1.22959 -0.334286 -0.245774 -0.500265 0.345298 -0.0653205 -1.32581 -0.42165 -0.180327 -0.437393
-0.563913 -1.32194 0.681467 0.937477 -0.316324 -1.10565 -0.788378 -1.38695 0.784362 0.885821 -0.246725 -1.16569
0.907395 0.848186 0.339048 0.289037 0.461458 0.248817 0.516276 0.821523 0.331499 0.227275 0.321901 0.283477
0.173113 -0.280781 0.48288 0.808331 0.569005 -0.351509 -0.204781 -0.45712 0.507302 0.662417 0.534735 -0.280861
0.267235 -0.594171 0.411377 0.975229 -0.099747 -0.578138 0.0942138 -0.664085 0.213664 0.828626 -0.00652705 -0.536115
-0.217616 -0.589779 -0.622228 -0.215606 -0.355364 -0.367378 -0.525117 -0.602284 -0.698023 -0.259465 -0.369831 -0.275851
-0.161377 0.342708 -0.435807 -0.394324 -0.135519 -0.443511 -0.39579 0.288435 -0.548926 -0.466143 -0.180773 -0.346574
0.719313 -0.601505 -0.0168228 -0.0648071 0.254892 -0.326491 0.606842 -0.676727 -0.0632202 -0.0871742 0.293585 -0.272848
-0.112007 0.806749 -0.203806 -0.350152 0.35517 -0.450838 -0.157229 0.801957 -0.217992 -0.230147 0.386014 -0.344376
-0.465383 -0.357749 -0.64301 0.293056 -0.527455 -0.0262843 -0.482983 -0.482637 -0.782802 0.348568 -0.452601 0.0279033
-0.22415 -0.949274 -0.944395 -0.0218273 -0.020775 -0.779579 -0.48645 -1.09986 -0.854981 -0.124251 0.0936095 -0.747533
-0.602207 -0.177254 -0.568605 0.341306 0.451386 0.0975999 -0.792352 -0.114361 -0.704343 0.298767 0.43183 0.136056
0.557548 0.562937 0.473355 -0.532695 -0.118493 -0.12532 0.484918 0.782671 0.371075 -0.57047 -0.18897 -0.112234
-1.59861 -1.14034 -1.90181 0.489476 -0.0866798 -0.563905 -1.62129 -1.40783 -1.91008 0.365266 -0.0765658 -0.533442
-1.13137 -0.628967 -0.615944 -0.331649 -0.462665 0.423828 -1.03929 -0.864035 -0.753783 -0.383817 -0.370945 0.362148
0.537198 0.14915 1.20034 0.951712 0.6744 0.367381 0.477738 -0.0231171 0.973576 0.961903 0.736269 0.464321
-0.105804 -0.574617 0.376202 0.476456 0.0509729 -0.0413455 -0.162127 -0.677371 0.399361 0.47847 0.141649 0.0290837
-0.389636 -1.02865 -0.892076 -0.7249 0.683711 0.618307 -0.250689 -0.828895 -0.802105 -0.816842 0.539432 0.50924
-0.827906 -0.935117 -0.867287 -0.331054 -0.00188683 -0.516863 -0.929467 -1.07517 -0.855798 -0.306962 -0.0268919 -0.433026
-0.411516 -0.297859 -0.429783 -0.382752 -0.138759 -0.583098 -0.699766 -0.243933 -0.551275 -0.415882 -0.0120593 -0.507149
-0.103727 0.122813 -0.103603 0.0592365 -0.162865 0.223085 -0.350798 -0.0701708 -0.0866591 0.0255643 -0.178069 0.26988
-0.990702 -0.173214 -0.353062 0.137093 -0.151991 0.582347 -0.907807 -0.319215 -0.454337 -0.0097195 -0.100859 0.582691
-0.352283 -0.546704 0.00969358 0.227966 -0.015417 -0.110565 -0.387089 -0.6919 -0.0636944 0.109785 0.0743084 -0.141678
1.1841 0.545936 0.97896 -0.155702 0.545945 0.378939 0.910906 0.431736 0.795875 -0.185473 0.381055 0.381301
-0.149551 -0.714908 -0.59233 0.507607 0.418342 0.074835 -0.2341 -0.786197 -0.702531 0.34194 0.344858 0.22057
-0.252146 0.113246 -0.351403 0.101063 0.359073 -0.205713 -0.505393 0.166444 -0.406337 0.00627546 0.27186 -0.112732
0.979816 0.741778 0.411846 0.0105637 -0.0449158 -0.180442 0.63723 0.734122 0.251778 -0.0572659 -0.130108 -0.083392
0.00439976 -0.90308 -1.21518 -0.245622 -0.153009 -0.526495 0.0214929 -0.96658 -1.30937 -0.241672 -0.0537998 -0.458934
-0.358217 -0.71395 -1.47603 0.123248 -0.107565 0.405474 -0.401535 -0.659951 -1.67728 0.161797 -0.047277 0.472055
0.583118 0.969766 0.330127 0.296392 0.226546 0.0727974 0.375217 0.907544 0.236122 0.246822 0.195001 0.0972102
-0.0268851 -0.252914 -1.26566 -0.410847 -0.609445 0.508543 -0.104561 -0.330877 -1.41779 -0.465486 -0.499816 0.433637
0.395133 0.285197 0.0408468 -0.0339734 0.0347979 -0.223898 0.289154 0.340233 -0.0632087 0.00171056 0.00497937 -0.151488
0.498995 1.17754 1.10286 -0.301927 -0.441954 0.037508 0.363651 1.16395 0.888556 -0.240338 -0.379298 0.0895637
0.477228 0.552537 -0.628437 -0.625466 -0.152163 0.227212 0.283743 0.623205 -0.705297 -0.558236 -0.125418 0.239318
-0.695248 -0.248593 -1.2951 -0.322722 -0.31105 -0.123764 -0.811349 -0.13724 -1.32416 -0.343048 -0.32522 -0.0152295
0.836991 1.51625 0.400608 0.154132 0.674302 -0.343135 0.864397 1.49925 0.140826 -0.0142281 0.712912 -0.268831
-1.04779 -0.383594 0.0298418 -0.268126 -0.708688 0.0543563 -1.07044 -0.645931 0.0779891 -0.351902 -0.578282 0.177141
-1.17033 -1.16558 -1.28415 -0.422482 0.0198495 -0.228046 -1.22545 -1.25558 -1.36627 -0.489785 0.0397833 -0.252937
0.406758 1.65737 0.481373 0.138134 0.522551 0.527997 0.0910125 1.34168 0.460757 0.0848705 0.511854 0.511322
0.937306 0.323168 -0.175228 0.338844 0.330455 -0.736261 0.899354 0.252508 -0.271159 0.173179 0.424855 -0.703245
-0.188811 0.024831 -0.169725 -0.055173 -0.181371 0.103802 -0.434544 -0.140713 -0.228848 -0.111627 -0.220829 0.193818
-0.731532 -0.355018 -0.724677 -0.190662 -0.00170972 -0.584339 -0.795688 -0.126848 -0.678563 -0.182103 0.037404 -0.453766
0.405176 -0.498027 0.408492 0.0316674 0.475876 0.0113444 0.554286 -0.346531 0.543025 0.0570643 0.519407 0.110106
-0.126042 -0.466951 -0.265564 -0.0338996 0.125791 -0.376167 -0.303312 -0.53624 -0.449709 -0.0704876 0.130724 -0.27286
-0.511007 -0.411188 -0.143794 0.182523 -0.221406 0.364228 -0.551513 -0.420887 0.0348822 0.152834 -0.21172 0.492019
-0.479357 -0.352082 -1.13283 -0.365693 -0.620317 -0.772493 -0.528862 -0.359039 -1.20497 -0.355966 -0.554471 -0.722515
0.467384 -0.745235 -0.590266 -0.0926062 0.28061 0.109523 0.163442 -0.801714 -0.580885 -0.123087 0.325244 0.179195
-0.918153 -0.260745 -0.509079 0.199595 -0.419389 0.304024 -0.870458 -0.404604 -0.588205 0.117644 -0.386853 0.269546
-0.301248 -0.955718 -0.200492 -0.137388 -0.400135 -0.168106 -0.569389 -1.02289 -0.3007 -0.18144 -0.442335 -0.0773744
0.0978784 -0.156322 -0.204197 -0.083603 -0.139029 -0.284145 -0.0479246 -0.234764 -0.159315 -0.17153 -0.168331 -0.193016
0.0769206 -0.323281 -0.33273 0.142657 -0.291638 -0.441133 -0.201269 -0.360499 -0.380552 0.0662589 -0.267881 -0.322973
-0.945447 -0.246739 -0.769026 0.0184715 -0.421524 0.0787327 -1.06395 -0.292477 -0.8853 0.230935 -0.351814 0.156438
-1.19612 -0.559179 -1.2613 0.0769852 -0.114936 0.114206 -1.3223 -0.64527 -1.22612 0.0465774 -0.136606 0.179837
0.47391 0.452561 0.679014 -0.261964 0.788797 0.0915432 0.509284 0.454819 0.505358 -0.224493 0.73093 0.0582219
-0.759315 -0.0173506 0.389009 0.152203 0.122647 -0.158548 -0.825903 -0.0246938 0.306593 -0.0143609 0.223391 -0.137369
0.709378 -0.392701 1.24963 -0.276751 -0.307828 0.516546 0.47083 -0.604025 1.33501 -0.324383 -0.159864 0.458476
-1.1119 -1.36769 -0.488824 0.137368 -0.296234 -0.597242 -1.17187 -1.48158 -0.475528 0.0776803 -0.220894 -0.607595
-0.309604 0.0595907 0.240797 0.306649 -0.160636 -0.816639 -0.307134 0.00158067 0.0380225 0.344267 -0.0711612 -0.72312
-2.44382 -0.83167 -0.388288 -0.0215987 -0.446389 -0.227937 -2.43426 -0.697343 -0.732635 -0.0203528 -0.339562 -0.168687
-1.03579 -0.857771 -0.862492 0.154096 0.691291 -0.211876 -0.826235 -1.01121 -0.997554 0.0107776 0.705267 -0.274606
-1.8633 -0.465908 -1.94254 0.47129 0.328241 -0.802382 -1.58805 -0.594613 -1.78932 0.431298 0.533776 -0.739775
1.53865 0.00113319 0.791691 -0.137555 0.228764 -0.812023 1.4812 0.0986922 0.519328 -0.0349313 0.331578 -0.639704
-0.853225 -0.938437 -0.900924 0.0473518 0.0639089 -0.262157 -0.889405 -1.05307 -0.978251 0.0462711 0.0204617 -0.127944
-0.85714 -0.578113 -0.715695 0.571818 0.194076 -0.247144 -0.99484 -0.716629 -0.757209 0.483246 0.156848 -0.145389
1.16766 0.351705 0.410865 0.272224 -0.101202 0.0784513 0.887378 0.288592 0.329425 0.221696 -0.134222 0.143202
-1.09602 -1.62294 -0.955222 0.167559 1.09844 -1.01398 -1.1004 -1.53537 -1.07645 0.115426 1.15656 -0.872907
0.37119 -0.391627 0.66397 0.252705 -0.379069 -0.441429 0.0797091 -0.388975 0.524772 0.173669 -0.4111 -0.312081
0.473293 -0.456897 0.158518 0.502168 -0.444075 -0.489347 0.418528 -0.651331 0.185337 0.40741 -0.423799 -0.518538
0.50298 -0.0368117 -0.40469 -0.199554 -0.314766 0.558476 0.623897 -0.317958 -0.590592 -0.050141 -0.231018 0.574714
-0.205164 0.432537 -0.139327 0.114975 0.238676 -0.0908972 -0.260498 0.263552 -0.208849 0.0528827 0.232808 -0.0059718
-1.04207 -1.32566 -0.152596 0.456589 -0.619022 0.510058 -1.15958 -1.23511 -0.288103 0.380019 -0.548803 0.482399
0.828677 0.266414 0.0351878 0.140274 -0.435922 0.338661 0.706872 0.266029 -0.079199 0.0668685 -0.308732 0.297072
0.131446 0.111243 0.119173 0.327471 0.109796 0.349666 -0.121167 0.00753969 0.103548 0.271476 0.0690214 0.450435
-0.607601 0.786424 -0.595806 -0.214 -0.314089 -0.257694 -0.677895 0.478142 -0.651465 -0.225954 -0.21087 -0.221579
-0.576761 0.350188 -0.370371 -0.237739 -0.514439 -0.408304 -0.561682 0.284896 -0.589702 -0.390779 -0.405106 -0.441724
-0.103802 -0.0733286 0.70259 -0.406817 0.208568 0.143775 -0.298145 -0.244194 0.665406 -0.400841 0.264326 0.107148
0.245219 0.666493 0.999741 0.499061 -1.0071 0.863221 0.0426059 0.585745 0.861426 0.481751 -0.959173 0.852085
-0.131125 0.424205 0.539847 0.269781 -0.311919 0.341245 -0.192881 0.233358 0.498996 0.163993 -0.198161 0.355689
-1.23599 0.0318937 0.0307119 -0.479043 -0.448765 0.00227721 -1.33681 -0.11208 -0.0740799 -0.535035 -0.385734 -0.104222
1.03561 1.57135 0.284698 -0.0889603 -0.15154 -0.158757 0.949177 1.55752 0.545004 -0.102813 -0.0871454 -0.104917
0.292824 -1.27385 -0.213333 -0.227471 0.668324 -0.232455 0.293679 -1.16941 -0.373559 -0.225712 0.704026 -0.2473
1.40036 -0.335911 0.903082 -0.183533 -0.794678 0.349262 1.4621 -0.328163 0.764762 -0.18185 -0.68823 0.464529
0.229565 0.525434 1.46803 -0.0118876 0.152207 -0.181538 0.264341 0.430802 1.54817 -0.0488108 0.179846 -0.201469
-0.355306 -1.56399 -0.428712 0.494019 -0.355987 0.902329 -0.420852 -1.35266 -0.35108 0.474222 -0.364007 0.786623
-1.00098 -1.10109 -1.817 0.140138 -0.4491 0.331678 -0.901227 -1.0778 -1.9483 0.0555175 -0.393562 0.256362
-0.105383 1.44872 0.297873 -0.982777 0.92354 0.152004 -0.127738 1.17523 0.383038 -0.962132 0.905733 0.0408438
-2.74048 -2.43067 -2.31756 -0.338302 -0.124418 -0.996345 -2.67741 -2.13307 -2.33529 -0.255412 -0.11287 -1.04432
-3.55726 -0.864839 -2.42621 -0.457894 -0.423543 -0.523503 -3.47121 -0.981104 -2.36866 -0.453674 -0.357774 -0.493804
-0.744616 -3.21656 -0.526241 0.931023 -0.620863 0.736448 -0.614939 -2.67848 -0.5486 1.09956 -0.551913 0.57215
-0.378553 -0.740648 -2.37609 -0.297684 -0.668137 -0.428041 -0.368792 -0.606421 -2.50144 -0.297733 -0.680281 -0.486228
-2.44664 -1.23771 -0.948922 -0.889805 -0.120626 -1.196 -2.39916 -1.10444 -1.02902 -0.827715 -0.0277669 -1.12835
-1.73991 -2.20946 -1.26268 -0.675344 -0.565353 -0.0810157 -1.57727 -2.00837 -1.54323 -0.692134 -0.405489 -0.107009
-4.36716 -1.90421 -3.77734 -0.723529 -0.675905 -0.142311 -4.42374 -2.01053 -3.74775 -0.622874 -0.81494 -0.287576
-1.87488 -2.76473 -0.24459 0.162828 -0.446365 -0.752044 -1.78734 -2.57327 -0.340681 0.139318 -0.477068 -0.754409
2.27761 2.18422 1.69936 -0.178261 0.419772 0.0345695 2.23224 2.09073 1.61437 -0.181815 0.444735 -0.0406903
0.466665 0.389877 -0.104304 -0.113674 -0.254481 -0.325872 0.594838 0.223637 -0.247084 -0.0351083 -0.165978 -0.224791
-0.558731 0.502894 -0.693872 1.2386 0.683622 0.0415386 -0.514807 0.704622 -0.902232 1.08842 0.72928 0.0395296
-1.85568 -2.00052 0.128319 -0.361599 -0.130817 -0.242661 -1.60431 -1.78452 0.179275 -0.341037 0.0133308 -0.32204
1.07812 -0.38571 0.750604 0.466406 0.440016 1.10425 1.06917 -0.608154 0.624236 0.602103 0.412676 0.967208
2.15066 0.337486 1.01014 0.305514 -0.293747 1.21667 2.31343 0.24904 0.754288 0.276871 -0.30308 1.12289
2.26926 -0.925235 1.92394 0.922525 -0.254256 -0.108049 2.28837 -0.924327 1.73918 0.888833 -0.206958 -0.101978
0.43793 -1.19455 0.0309661 0.800097 0.79894 0.508807 0.181779 -1.23386 -0.264369 0.6675 0.773262 0.477068
0.223934 -0.390425 0.800064 -0.784763 -0.856235 -0.938363 0.458739 -0.421203 0.955204 -0.677719 -0.966366 -0.780698
0.934557 0.619674 0.376349 0.410856 -0.437579 1.05233 0.933674 0.488308 0.531229 0.453012 -0.494169 1.02023
0.301243 1.37702 -0.538794 0.294918 0.118498 0.226919 0.577783 1.48416 -0.432378 0.304931 0.0252177 0.0687274
-0.882853 -2.06293 -0.4514 -0.046674 -0.190323 -0.27504 -0.79014 -1.73763 -0.503051 0.00957796 -0.130343 -0.419422
-2.62395 -0.977424 -1.86341 -1.06618 0.1048 -0.623824 -2.87975 -1.05864 -2.00232 -0.978978 -0.0553253 -0.651777
1.35988 1.54444 1.30737 -0.273263 0.305131 0.284385 1.11957 1.76411 1.41073 -0.314526 0.327933 0.20371
-3.42942 -2.64026 -1.72649 -0.545944 -0.38574 -0.288718 -3.84755 -2.8002 -1.72955 -0.50822 -0.244772 -0.348823
0.851805 1.24539 -0.154239 0.147305 -1.29958 1.19697 0.952824 1.1408 -0.24688 0.207755 -1.09595 1.26767
-0.341292 1.03534 0.501821 0.0155783 -1.1751 -0.0378861 -0.460369 1.0512 0.618952 -0.00528572 -1.11633 -0.00850294
1.2897 -0.693653 -0.771805 0.869217 -0.71188 0.516049 1.40178 -0.529786 -0.952636 0.641908 -0.791967 0.537653
-0.411558 -0.754108 -0.962371 -0.387027 -1.13262 -0.513261 -0.765902 -0.770443 -0.580462 -0.589596 -0.863672 -0.56702
1.3148 -0.702594 0.502464 -0.126574 -0.602259 0.724771 1.45014 -0.684474 0.213311 -0.131832 -0.539915 0.671073
-1.03851 -0.983911 -1.54006 0.0458095 0.0170812 0.760253 -1.02979 -1.19886 -1.40622 0.0306807 0.00691583 0.678507
1.33514 -0.20967 -0.138718 -1.76098 -0.114705 1.64513 0.938273 -0.407784 -0.351165 -1.45497 0.0114227 1.54096
-1.1911 -1.08935 -1.4527 0.00866153 -0.321863 0.257749 -1.26225 -0.793096 -1.4482 0.0867825 -0.444119 0.217011
-0.76638 0.483087 -1.76357 -1.17593 -0.489293 -0.849813 -0.747859 0.517018 -1.85932 -1.20685 -0.590847 -0.804872
0.129845 0.306417 0.161105 -0.438584 0.897863 -0.924853 0.385193 0.233981 0.213402 -0.409609 0.807001 -0.996152
-3.15544 -3.61006 -2.05804 -0.627251 0.273695 -0.990779 -3.15637 -3.63819 -2.08961 -0.691383 0.418616 -0.824472
0.666262 1.18093 -0.912881 -0.0940727 -0.174362 1.10977 0.891831 1.14518 -1.08339 0.131292 -0.360354 0.981632
-2.5251 -0.892939 -1.68703 0.0295182 -0.336658 0.266441 -2.58067 -1.09239 -2.04299 0.147584 -0.269651 0.309456
1.85683 -0.427938 0.134317 -0.699217 -1.2624 0.34243 2.03037 -0.457805 0.21313 -0.595304 -1.20671 0.239003
0.339612 -0.806673 -0.599517 0.0123273 -0.853925 0.154445 0.283565 -1.1357 -0.630815 -0.0391974 -0.782903 0.197261
0.793071 1.73276 1.41028 -0.398314 0.393039 -0.87012 0.534204 1.76195 1.26985 -0.338822 0.255562 -1.16091
0.917942 0.450563 1.12689 -0.855304 -0.368075 1.51775 0.862336 0.590236 1.24792 -0.904773 -0.483458 1.6082
0.479551 -1.3922 -0.78541 -1.79268 0.553877 0.417148 0.705496 -1.32649 -1.02678 -1.7322 0.639561 0.430441
-2.31654 -0.449259 -2.48948 -1.2543 1.44266 0.00905264 -2.61918 -0.479721 -2.36021 -1.27321 1.33143 -0.0687897
-1.20173 -2.38513 -2.39007 0.615741 -0.311339 0.1898 -0.922393 -2.50995 -2.46895 0.543497 0.029551 0.166353
-1.71185 -0.196768 -1.85473 -0.312247 0.0693648 -0.278823 -1.91141 -0.192513 -2.11094 -0.240668 0.15564 -0.197526
0.160595 -1.0929 -0.821367 -0.361347 -0.264035 -0.639435 0.0309267 -1.24269 -0.813887 -0.477209 -0.147635 -0.611337
-0.664807 -2.26374 0.213195 -1.10052 -0.892054 0.309805 -0.903516 -2.05698 -0.0924958 -1.11078 -0.971908 0.261038
-1.02803 -0.401532 -0.961647 -0.680079 0.0858798 0.162549 -1.07203 -0.285826 -1.24165 -0.742912 0.105607 0.268262
-0.444616 0.888307 0.93703 1.1539 -1.03778 -0.982103 -0.339484 0.73262 0.881592 0.978455 -1.13106 -0.994203
0.998001 -0.782634 -1.58902 1.03392 0.432596 2.04865 1.21073 -0.834585 -1.53876 1.09515 0.340068 2.09401
1.10988 0.682458 -0.0465656 -0.780467 -0.799006 0.973628 0.568937 0.609868 -0.00990929 -0.818148 -0.906832 0.900469
0.757917 0.527109 -0.061638 0.182804 0.859628 -0.111441 0.743099 0.617525 -0.0201175 0.349071 0.816134 -0.169615
1.14883 -0.708672 -0.342038 -0.581211 0.361365 0.61484 0.765812 -0.765251 -0.43917 -0.535052 0.409848 0.567602
0.724381 0.340206 0.487739 0.372351 0.0861701 -0.982832 0.23619 0.353757 0.438093 0.285247 0.0536586 -1.03455
0.700383 0.102497 1.32902 0.696243 0.883714 0.754655 0.481748 -0.109729 1.35471 0.672591 0.855125 0.63435
-0.621908 -0.696375 -1.0122 -1.14452 1.24381 0.938301 -0.466919 -0.703839 -0.892261 -1.03863 1.16098 0.946373
-2.62146 -2.70051 -1.58438 0.159549 -0.00767633 -0.612655 -3.08318 -2.99574 -1.79491 0.123571 -0.111149 -0.49349
-1.34319 -0.715258 -0.833458 -0.521252 -0.508641 -0.347416 -1.45042 -0.907007 -0.878213 -0.456798 -0.44159 -0.334215
0.0175709 -2.45619 -0.787688 -0.662142 -0.0829396 -0.283715 -0.224533 -2.56644 -0.724431 -0.766123 -0.130629 -0.286988
-0.942799 0.386862 0.22016 0.162663 -0.396405 0.296934 -0.78103 0.247894 0.176321 0.184459 -0.36295 0.365777
-0.00527676 -0.344269 -0.392193 -0.683725 0.129495 1.18187 0.086096 -0.35963 -0.220789 -0.582845 0.14836 1.2274
0.746163 -1.20142 -1.25416 0.386486 -0.0122294 0.222671 0.830574 -1.14707 -1.02148 0.338685 -0.251088 0.183901
-0.0260678 0.144715 0.715774 -0.00173684 0.15006 0.371621 -0.10634 0.345654 0.585047 0.212277 0.0261117 0.283729
-0.282279 -1.37626 -0.285185 0.779112 0.330674 0.141086 -0.127516 -1.763 -0.288675 0.904311 0.464144 0.0215989
1.12392 0.69851 1.12531 0.379323 1.04499 0.260731 1.27983 1.09923 1.15454 0.306765 0.913475 0.234102
1.20424 -0.189253 2.84767 -0.390354 0.146785 0.721617 1.25687 0.000286701 2.6094 -0.506144 0.146193 0.536346
-2.76729 -1.0089 -3.33278 -0.0994994 -0.086051 -0.548072 -2.58964 -0.972589 -3.3152 0.0478172 0.016258 -0.432358
-1.9851 -1.90948 -0.74297 0.0764397 0.58127 0.0565964 -1.49799 -2.20241 -0.854654 0.125111 0.70738 0.0449349
0.65891 0.722077 0.413858 0.977391 -1.49465 0.372678 0.824487 0.578833 0.220139 0.93994 -1.33199 0.295245
-2.94199 -3.1605 -1.58286 0.435032 -0.908982 -0.3801 -3.01467 -2.75893 -1.83667 0.391791 -0.861939 -0.38874
-2.91634 -2.9255 -2.56174 0.137938 0.115079 -1.10348 -2.47057 -3.30504 -2.55476 0.185802 -0.0657293 -0.991573
0.791607 1.10387 1.20816 0.578349 1.28457 0.570659 0.725225 1.19059 1.09134 0.432334 1.15217 0.575233
0.371839 -2.25008 -0.718336 0.546225 -0.243484 0.751203 0.542507 -2.2043 -0.894928 0.425774 -0.181959 0.698132
-2.51582 -0.24433 -1.43916 0.311668 -1.11321 -1.43238 -2.73536 -0.367838 -1.20255 0.0930031 -1.12602 -1.33694
0.0405161 -1.0271 0.0351978 0.129026 -0.288951 1.15729 0.0436482 -1.14158 -0.00703473 0.138428 -0.334012 1.20875
2.22478 1.41893 1.12757 -1.63118 0.556866 1.19164 2.11425 1.60894 1.2652 -1.38744 0.715767 0.916164
-0.905817 -1.57332 -2.36935 0.828715 0.567197 -0.135297 -1.14097 -1.51843 -2.61881 0.620935 0.357515 0.0875861
0.260394 -0.696448 0.485782 -0.286598 1.08624 -0.348209 0.44424 -0.457437 0.551868 -0.189827 1.14559 -0.39254
-0.776468 -1.06935 -2.15793 0.698084 -1.3132 -1.05729 -0.993234 -1.39618 -2.42372 0.678169 -1.01849 -1.13278
1.8716 3.12309 1.76752 0.34867 0.80373 0.0536466 1.90592 3.13214 1.79591 0.342294 0.706061 0.0302948
2.48168 0.25775 -0.0414342 0.296286 -0.221917 1.43183 2.29303 0.773107 0.0826773 0.249394 -0.676758 1.33719
-3.03806 -1.68185 -2.28391 -0.240932 0.10635 -0.376016 -2.94516 -1.67069 -2.26929 -0.487679 -0.0452413 -0.531988
0.1443 -0.0609948 -0.692966 -0.267297 -0.909156 0.300575 0.269785 0.558568 -0.689198 -0.304915 -0.975522 0.474886
-2.00178 -2.19945 -2.02912 -0.256935 -0.233822 -1.18332 -1.86028 -2.18026 -2.05233 -0.233665 0.0121183 -0.952612
-0.258782 1.33479 1.78516 -0.894637 -1.09546 -0.224733 -0.256062 1.27637 1.89616 -0.685759 -1.00403 -0.137002
-1.5501 -1.17064 -2.71743 0.984838 0.482943 0.0328715 -1.49262 -0.900197 -2.91818 0.850462 0.213802 0.104189
2.53354 2.35436 2.92819 0.0648555 0.118269 0.19332 2.37621 2.12521 2.97706 0.0293972 0.13499 0.152014
1.18495 -1.2563 0.78675 0.549156 -0.775655 0.0205399 1.27152 -1.4616 0.671497 0.595671 -0.760277 0.143832
0.152722 0.731352 0.806621 0.684822 -0.427496 -0.398928 0.00910649 0.725955 0.970719 0.533168 -0.390096 -0.206872
-1.32691 0.593704 -0.650504 -0.0586697 -0.529873 -1.12755 -1.36204 0.456647 -0.806318 0.232188 -0.636214 -1.23904
-0.882977 0.517557 1.52969 0.503009 0.706954 -0.0322562 -0.844386 0.609845 1.00363 0.36765 0.513211 0.0617926
-1.96806 -0.310709 0.646005 -1.64148 -1.05206 -0.945435 -2.1913 -0.417881 0.333587 -1.57083 -1.04598 -0.823413
2.56488 0.827057 1.55902 -1.87084 -1.34874 0.288014 2.18011 0.866653 1.34329 -1.88426 -1.34257 0.22995
0.314106 1.39481 0.842635 -0.290728 0.440257 0.280697 0.139798 1.38287 0.674274 -0.301745 0.27392 0.323949
0.999249 -1.49389 1.36764 0.159234 1.15124 1.04681 1.05182 -1.67183 1.60722 0.108014 1.14723 0.889711
-0.489298 -1.13745 -0.0367858 -0.822246 0.58062 0.156008 -0.404573 -0.847244 -0.0948295 -0.860795 0.579717 0.33229
-0.147511 -1.04313 -0.938789 -0.736769 -0.855974 0.909887 -0.63806 -1.01851 -1.19029 -0.759615 -0.764749 0.841981
1.59333 0.228233 -0.718218 -0.426928 0.323882 0.996382 1.49526 0.189348 -0.855992 -0.333511 0.207643 0.97795
-0.970414 -0.381343 -0.679643 0.447298 0.201756 -0.264554 -1.20297 -0.223376 -0.778414 0.44596 -0.0745672 -0.138132
-3.25865 -2.12593 -3.70756 0.128346 -0.0944637 -0.873341 -3.51594 -1.85058 -3.46856 0.183807 -0.183746 -0.858694
-1.14508 0.163519 -1.87358 1.02696 -0.872945 -0.486059 -1.04983 0.0618663 -2.11406 1.02902 -0.790642 -0.385976
-0.639735 -0.764076 -0.595107 0.0796702 1.07302 0.281108 -0.598789 -0.925337 -0.497012 0.124114 0.772242 0.179487
-0.0445584 0.97933 -0.467568 -0.161707 -0.654349 -0.221636 -0.355496 0.756947 -0.542595 -0.11735 -0.741486 -0.152416
-0.546213 -1.77435 0.374811 -0.0737631 -2.1371 0.406346 -0.801294 -2.28396 0.122584 0.0734988 -1.7646 0.408869
-0.241676 0.601535 0.943554 0.287204 0.224155 0.262945 -0.321565 0.260159 1.03347 0.321984 0.206675 0.320263
-0.734547 -0.00238762 -1.48255 -0.711347 0.602491 0.0395566 -0.773764 -0.122298 -1.41445 -0.754486 0.60787 0.141534
0.082936 -0.699935 -0.935154 -0.104058 -0.199977 -0.444083 0.0687276 -0.945476 -0.96751 -0.168968 -0.0702451 -0.328749
-2.42965 -0.846933 0.0560899 -1.10578 0.891911 -1.82209 -2.21386 -0.932721 -0.366252 -0.915299 0.886589 -1.76315
0.107808 1.01935 0.54173 0.429739 0.41532 0.0530681 -0.105285 0.634459 0.55596 0.360431 0.617675 0.0855917
-2.30564 -2.03803 -2.58982 0.459393 -0.0975805 -0.808269 -2.26177 -2.1609 -2.62341 0.490754 -0.0871969 -0.63889
-2.05854 -1.99062 -2.05473 0.601094 -0.788462 -0.152378 -2.14407 -1.58862 -2.01107 0.537399 -0.749168 -0.0871219
-0.290415 0.705113 1.25941 -0.537338 0.704581 -0.854794 -0.133756 0.736254 1.06106 -0.513183 0.570102 -0.995304
0.858238 -1.35034 0.638869 -0.179132 -1.50918 0.562998 0.750451 -1.40617 0.569835 -0.0609304 -1.43811 0.505351
-3.01321 -2.31414 -1.44029 -0.429707 -0.308779 -0.176482 -3.15081 -2.51194 -1.73568 -0.465569 -0.216121 -0.186026
-1.62826 -1.72426 -1.81981 0.358011 -0.939698 -0.459918 -1.47119 -1.80906 -2.06016 0.307643 -0.891437 -0.516432
0.378885 -0.821019 1.73759 -0.0188534 0.352695 1.44063 -0.0908949 -1.16202 1.49608 -0.22055 0.274718 1.40905
0.295366 2.26075 0.959982 0.796589 0.654802 -0.56257 0.467204 2.37241 1.04313 0.674777 0.539155 -0.704746
-3.03078 -0.614265 -1.06537 -0.283015 -1.2037 -0.332186 -2.88334 -0.640603 -0.89892 -0.19026 -1.11284 -0.316339
-1.04127 -2.60336 -1.2957 0.544268 -1.38463 -0.175473 -0.778376 -2.63179 -1.71222 0.627901 -1.52615 -0.192086
-3.39627 -3.93456 -3.04694 1.36879 -0.299666 -0.727407 -3.49781 -3.64676 -3.02395 1.352 -0.377772 -0.747652
1.8788 1.72624 -0.152057 -0.54833 1.19316 0.0603055 1.9624 1.81541 0.257605 -0.298043 0.917 -0.345684
-0.648158 -0.772312 -0.386184 0.806072 0.651412 -0.186194 -0.723336 -1.06595 -0.596871 0.69816 0.633752 -0.278685
2.66969 2.06966 2.71807 0.640129 -0.415884 1.1587 2.31227 2.02444 3.18463 0.51379 -0.392277 1.08244
0.424331 -0.530909 0.420914 -0.739959 0.881938 0.0389009 0.470513 -0.551163 0.510522 -0.488818 0.872896 -0.260945
1.48583 -0.841096 -0.85794 -0.484365 0.138617 2.15749 1.58559 -0.7342 -1.09568 -0.195978 0.154831 2.13547
-0.964077 -0.977947 -0.711093 0.936303 0.679302 0.115985 -1.30939 -1.33191 -0.554865 1.01988 0.702318 0.0283534
-0.582517 -0.687754 -0.471384 0.34957 -0.1938 -1.09044 -1.1034 -1.11348 -1.19798 0.3741 -0.179933 -0.86737
0.333875 0.911331 1.33527 -1.01221 -0.810613 -0.708984 -0.244268 0.392478 0.733221 -1.05767 -0.79807 -0.87942
-1.75237 -0.0139216 0.162855 -0.0939229 -0.431869 -1.07727 -2.02038 -0.942798 -0.508401 -0.199672 -0.494274 -0.881041
0.242301 0.334207 0.567628 0.26007 1.21486 -0.447832 0.154207 0.13142 0.612023 0.28075 1.21411 -0.315799
-1.06159 0.328827 -0.58955 0.757054 -0.814416 0.234233 -1.25085 -0.0138216 -0.926668 0.784196 -0.797627 0.218349
-3.10784 -2.83772 -3.02682 -0.116449 0.738532 -1.32721 -2.83504 -2.97057 -3.10881 -0.0699914 0.783989 -1.2991
0.54888 0.26002 0.228073 0.161108 0.0699345 0.536493 0.586898 -0.0610135 0.594371 0.198067 -0.0427731 0.555225
-0.907779 0.289657 -1.7522 0.703696 0.980271 -0.134417 -1.14462 -0.00837356 -1.47279 0.52737 0.867106 -0.135368
-1.52885 -0.183794 -2.29995 0.795518 0.566236 -0.283987 -1.81615 -0.560193 -2.3035 0.687384 0.63118 -0.367487
0.448268 -2.27682 -2.0798 -0.401771 -0.543844 1.1689 0.304691 -2.21303 -1.89951 -0.271533 -0.497575 1.12757
-0.424154 -1.44284 -0.94764 0.654355 0.426355 0.825893 -0.445421 -1.73889 -1.27144 0.696266 0.294644 0.834021
-0.629103 -0.0380953 -0.246728 -0.951776 1.45632 -0.883854 -0.893764 -0.373282 0.136886 -0.772461 1.44312 -0.735485
-0.955916 -2.45885 -3.26257 -0.0924771 0.41655 0.0797358 -1.2085 -2.90736 -3.27649 -0.166128 0.392385 -0.161102
0.735464 0.835991 1.54358 -0.369842 -1.23455 -0.020724 0.475057 0.927551 1.56409 -0.453943 -1.29448 0.0748127
-2.65033 -0.106256 -1.46002 -0.0304198 -1.23926 -0.922528 -3.21868 -0.774491 -1.49608 -0.133418 -1.2219 -0.89331
0.602434 2.15342 1.8678 0.0128032 0.560308 0.243865 0.759806 1.93809 1.75584 0.0268495 0.611258 0.208289
0.0946373 -0.701955 2.3204 1.81411 -1.58893 0.208417 -0.0202962 -0.939524 2.27176 1.69603 -1.47029 0.0253041
-0.96475 -1.58249 -1.82055 0.970126 -0.390854 0.0539946 -1.33772 -1.87545 -1.63481 0.990524 -0.56752 0.0421899
0.0883917 0.73588 -1.03689 0.566418 0.440328 0.230779 0.000190401 0.668428 -0.88692 0.597919 0.34402 0.195271
0.0267759 -0.592865 -1.22656 -0.297961 1.3867 0.576787 0.0601687 -0.635598 -0.819169 -0.140897 1.41652 0.477013
-3.11578 -0.990208 -0.964398 -0.217567 0.395775 -1.15523 -2.78129 -1.23868 -1.21967 -0.17644 0.338757 -1.17454
-2.06426 -3.45006 -0.603812 0.224713 -0.915378 -1.82595 -2.0688 -3.25141 -0.782905 0.190524 -0.943795 -1.76594
-0.484212 0.238902 -0.846848 -0.445694 1.44154 0.187695 -0.648511 0.101867 -1.03395 -0.444243 1.43144 0.0954662
-0.987204 -1.95535 -1.7118 -0.751801 -1.87275 -0.196611 -0.996974 -2.11304 -1.61993 -0.669142 -1.86992 -0.172846
0.435307 -0.273394 -0.289467 0.803783 0.0148851 0.628593 0.452836 -0.27208 -0.211493 0.599267 0.158728 0.612273
1.8516 -0.499099 0.898436 -1.57685 0.620209 0.998002 1.8896 -0.661184 1.01342 -1.2542 0.59656 0.902411
0.321752 -0.529264 0.594608 1.11755 0.460171 0.427638 0.398174 -0.57039 0.681772 1.21609 0.460721 0.411673
0.909995 0.761192 -0.463224 0.79542 -0.133989 0.461201 0.970022 0.943481 -0.597089 0.83202 -0.2386 0.371945
-0.410961 0.604511 -0.121675 -0.408056 -0.302413 -0.554229 -0.518027 0.725051 0.168952 -0.469607 -0.318761 -0.536865
0.435839 0.696103 -0.467277 0.0348894 0.461738 0.0535749 0.244703 0.725573 -0.339851 0.0907946 0.423702 0.0849764
-1.88227 -1.41841 -1.56268 0.879932 -0.330521 -0.205094 -1.61279 -1.65714 -1.30816 0.971585 -0.318395 -0.0718742
-0.517787 -2.1648 -0.766161 -0.872642 0.478163 -0.970371 -0.764239 -2.21942 -0.927818 -0.773917 0.512866 -1.05957
-1.48513 -2.87392 -3.03741 0.488741 -0.885912 -0.187336 -1.49664 -2.79731 -3.42938 0.393828 -0.809337 -0.230813
-0.554049 -2.42986 -1.37326 -0.898033 0.0622045 1.12249 -0.600587 -2.09624 -1.51803 -0.853067 0.185657 1.10355
0.77456 -0.315616 0.0808849 -0.318774 -0.757426 -0.19209 0.595961 -0.0491513 -0.0927851 -0.3274 -0.855437 -0.216446
1.36683 1.54794 0.306454 0.771983 -0.0323477 0.769547 1.45755 1.48307 0.462483 0.794889 -0.0223686 0.682192
0.01137 -0.560694 -0.58011 -0.181308 0.37152 0.395293 0.148742 -0.763087 -0.345807 -0.13831 0.401692 0.315237
-3.13886 -0.639148 -0.753479 0.0900905 0.395079 -0.0993661 -3.082 -0.902845 -0.655829 0.13279 0.464276 -0.0544836
0.584177 1.57515 0.0912435 -0.147374 0.0970579 -0.372287 0.253026 1.74771 -0.0315198 -0.214941 0.116177 -0.331701
-3.48461 -3.27641 -3.23556 -0.30193 -0.976915 -0.456711 -3.39255 -3.11035 -3.1108 -0.290887 -1.00117 -0.392388
-0.554278 -1.67996 -1.35664 0.0152803 -0.658206 -0.157495 -0.537851 -1.45077 -1.1926 0.0338375 -0.721421 -0.221244
0.0596671 -0.125218 -0.575242 0.0165947 0.378404 0.171106 0.0980677 0.0672081 -0.575108 0.0659698 0.311683 0.127686
-0.0110012 -0.770788 -0.632862 0.397576 0.375254 0.0245363 0.0399072 -0.635897 -0.70416 0.337816 0.301357 -0.0556125
-3.01085 -1.30955 -0.519162 -0.153709 -0.600232 -0.709895 -3.11655 -1.66242 -0.422795 -0.336177 -0.506601 -0.668223
0.0694606 0.974147 2.47954 -0.384026 0.0593219 0.0180422 0.14537 1.02936 2.3018 -0.4439 0.219282 0.0615969
-0.430243 -0.167698 0.190999 0.0586386 -0.168598 0.279187 -0.347593 -0.0439885 -0.0561775 0.0824318 -0.113751 0.295619
-0.849984 -1.51934 -1.60657 -0.495771 -0.399799 -0.428724 -0.82168 -1.70135 -1.83235 -0.553491 -0.512654 -0.499752
1.18419 -0.904035 -1.58654 0.0767891 -0.0518987 1.10603 1.1096 -0.762081 -1.57257 0.0572007 -0.0910779 1.02057
-0.421011 -0.441839 -0.308126 -0.0619462 0.455229 0.261238 -0.388236 -0.640897 -0.444358 -0.0814225 0.469627 0.193191
-1.09545 0.491274 -1.23981 0.245858 -0.379765 -0.0732685 -1.05892 0.307552 -0.994292 0.234379 -0.30639 -0.0438637
-0.392025 -1.00742 -1.13778 -0.226471 -0.2244 -0.0475014 -0.394343 -1.13667 -1.20705 -0.128413 -0.239843 -0.0345684
-0.62497 0.874031 -0.14406 -0.884679 0.930391 1.39617 -0.695875 1.1258 -0.253392 -0.896958 0.791927 1.37126
-2.0302 -1.67843 -1.40501 -0.0950517 -0.0242638 0.134629 -2.12155 -1.68211 -1.52668 -0.156344 0.0196843 0.237378
-1.2063 -1.89649 -2.29449 0.700816 1.58258 -0.392266 -0.907609 -2.20826 -2.05177 0.623761 1.38809 -0.374882
-0.6024 -0.858723 -1.35613 0.24623 -0.27511 -0.0543586 -0.586458 -1.16246 -1.47445 0.350611 -0.302571 0.0213053
-2.30952 -1.89158 -2.107 -0.0237274 -0.754709 -0.358842 -2.24062 -2.00217 -2.16353 -0.0405034 -0.67281 -0.264783
-2.05187 -1.59314 -2.02673 0.353857 0.166592 -0.18117 -1.91641 -1.69099 -2.24329 0.431166 0.0413454 -0.217972
-0.563501 -0.917743 -0.0624533 -0.118326 0.0949368 -0.13824 -0.580742 -1.19661 -0.0507071 -0.0209672 0.133726 -0.0133435
-0.651874 -1.39472 -0.233599 -0.196635 0.221963 0.191062 -0.619337 -0.930405 -0.186549 -0.144664 0.341735 0.184902
-0.24569 -0.65856 -0.384376 0.0907954 0.0510542 -0.335049 -0.321316 -0.854961 -0.749025 0.125513 0.114341 -0.28091
-0.124675 -0.135457 -1.04046 0.267331 -1.30036 0.374849 -0.155536 -0.252842 -1.28292 0.209071 -1.21947 0.438104
-0.224173 1.83933 0.797744 -0.136882 -0.0883669 0.159194 0.136668 1.80029 0.485602 -0.0903852 -0.286969 0.0202747
0.251192 1.4946 0.885364 -0.0052575 0.604348 -0.375633 0.338151 1.36662 0.373216 -0.130257 0.58512 -0.525344
-0.00769449 0.159851 -0.615981 -0.102302 0.00181368 0.243575 -0.0462213 0.189414 -0.799822 -0.0133596 0.241819 0.110204
-1.3043 -0.703849 -1.22112 0.02835 -0.279133 -0.0555231 -0.820964 -0.573751 -1.25478 0.0873835 -0.172558 -0.117778
1.69133 0.744014 2.31081 -0.168816 1.28522 0.726139 2.07734 1.08357 1.95702 -0.0984575 1.34152 0.660247
-2.65733 -2.30971 -1.96957 0.263149 -0.742852 -0.649398 -2.9576 -2.10542 -2.04923 0.225312 -0.708966 -0.589761
-1.96996 -0.738093 -1.57576 -0.648161 0.996043 0.864207 -1.75173 -1.23827 -1.64682 -0.609366 0.89888 0.937953
-1.53531 -3.61509 -2.7594 0.394192 -0.234736 0.27951 -1.38345 -3.6288 -2.74765 0.316176 -0.17831 0.242856
0.512417 -0.0700277 0.327096 -0.242404 0.343073 0.123853 0.680655 -0.162622 -0.0332516 -0.191055 0.356818 0.0823653
-0.313615 -1.26003 -1.40581 -0.326858 -0.26308 -0.223376 -0.134848 -1.57765 -1.3728 -0.316356 -0.245148 -0.251182
0.878879 -0.292802 1.37899 0.865639 -0.62047 0.162426 0.860715 -0.387009 1.44468 0.810009 -0.479296 0.173525
0.344497 0.719529 -0.346884 0.549216 0.353572 -0.331639 0.165224 0.607417 -0.183777 0.425122 0.271044 -0.355192
-1.04185 -1.48341 -0.744982 0.0482541 -0.670649 0.605774 -1.41012 -1.75055 -0.865308 0.130055 -0.680516 0.549012
-0.10757 -0.469427 0.013499 0.42255 -0.688204 0.162789 0.0462518 -0.425162 -0.169532 0.47203 -0.712518 0.286901
-0.729588 -0.738078 -1.26433 0.150697 0.832763 0.46058 -0.763 -0.281694 -1.31715 0.0856587 0.750467 0.2848
0.654314 0.97629 0.360808 0.345377 0.523608 0.565351 0.414554 0.875292 0.232491 0.358477 0.588655 0.662533
-0.843639 0.823616 -1.82197 -0.123468 -0.223535 -0.575083 -0.950324 0.780341 -1.73489 -0.00598677 -0.224901 -0.479865
-0.683835 -1.06738 -0.921985 -0.628207 0.690642 -0.451394 -0.678459 -0.963634 -1.15025 -0.775755 0.647515 -0.367532
0.212341 0.257364 1.00542 0.0350881 0.100132 0.57007 0.108846 0.23195 1.0021 0.0206024 0.225241 0.543942
-1.57627 -2.27152 -2.21346 -0.391803 -2.11065 -1.79171 -1.55241 -2.26026 -2.00289 -0.388327 -2.01557 -1.73041
-2.12852 -1.92973 -1.94339 0.0776074 -0.186633 0.54223 -1.73571 -1.92248 -2.3848 -0.0282659 -0.170808 0.560703
-0.756856 -0.341682 -1.5781 -0.217802 0.694034 0.0306455 -0.661585 -0.35098 -1.5762 -0.25988 0.71368 0.0262786
-0.25776 1.2199 0.313009 -0.780598 -0.560916 -0.18637 -0.254798 1.28187 0.551477 -0.691907 -0.591185 -0.212125
1.3638 1.36466 -0.623151 0.862954 -0.926017 0.423149 1.30755 1.63734 -0.612987 1.10193 -0.81962 0.444819
-0.268668 -0.780028 -0.376098 0.42121 -0.453018 0.0458352 -0.317976 -0.90486 -0.49351 0.585639 -0.504553 -0.0712534
2.66965 2.26328 2.27424 0.408297 -0.168525 0.512514 2.55984 2.26302 2.12611 0.340956 -0.177363 0.479357
-1.26817 -1.66253 0.647171 -0.420775 -0.240332 -2.01399 -1.53672 -1.73821 0.922423 -0.559483 -0.535708 -1.77
-0.425913 -0.534355 -0.716033 -0.0552471 -0.0914974 0.191653 -0.338681 -0.514925 -0.60577 -0.247474 -0.0941973 0.12524
-1.85603 -0.651405 -1.46211 -0.787334 -0.117372 -0.591756 -2.14539 -0.623863 -1.30925 -0.750478 -0.0676223 -0.616307
-1.7347 -2.0184 -1.03063 -0.794872 0.0629845 0.0637743 -1.92679 -1.90587 -1.20321 -0.711306 0.114309 0.0839881
0.1329 -1.33374 0.0910161 -0.751808 0.365215 -0.438891 0.0419395 -1.35921 0.19103 -0.608063 0.396709 -0.319992
-0.594244 -1.27718 -0.950434 0.309813 -0.363996 -0.908318 -0.668047 -1.37598 -0.877036 0.363949 -0.599853 -0.980342
-2.21591 -2.29246 -2.43853 -0.462765 -0.340112 0.988747 -2.08512 -2.53973 -2.07779 -0.428777 -0.385643 0.977065
0.38109 -1.72985 -0.693137 0.409479 1.1168 0.103022 0.665383 -2.02862 -0.76785 0.354664 1.00697 0.155079
-0.194973 0.762014 -0.993234 0.388167 0.287811 -0.973261 -0.380612 0.653594 -0.822057 0.486163 0.20341 -1.04165
-0.188005 -0.665518 -0.641882 -0.2334 0.139278 -0.873397 -0.261529 -0.651102 -0.561708 -0.167981 0.176944 -0.787553
-0.134925 -0.24753 -0.785104 0.094492 -0.165749 0.344953 -0.0771984 -0.449338 -0.785718 0.192735 -0.168476 0.374151
0.384836 -0.3214 -0.154908 0.0455466 -0.302934 0.0887836 0.52639 -0.766906 0.0619224 0.0414853 -0.327578 0.0266545
-0.635197 -1.2246 -0.285957 -1.11779 -1.72793 -0.525418 -0.596821 -1.16948 -0.405827 -0.887884 -1.533 -0.448133
0.0687431 -1.39078 -1.19353 0.872912 -0.136069 -0.274051 -0.409337 -1.175 -1.062 0.90361 -0.0498433 -0.23039
-1.37975 -2.09269 -2.62853 1.67192 0.00885872 -0.333724 -1.41939 -1.97057 -2.70295 1.70133 -0.0733469 -0.387994
-0.972992 -1.1502 -1.18885 0.119608 0.054277 -0.145298 -1.11691 -1.22559 -1.27117 0.244226 0.0660729 -0.0605559
0.0016554 -0.616918 -1.42588 -0.991867 -0.0490392 -0.251155 -0.013928 -0.714102 -1.2916 -1.09651 0.049182 -0.265676
1.61814 2.17745 2.18068 1.24241 1.01339 0.609129 1.77704 1.9332 2.51302 1.24135 1.022 0.408624
-1.11528 -1.86804 -1.55749 -2.13338 -1.64937 0.79818 -1.60673 -2.27545 -1.89455 -1.95794 -2.02405 0.882564
2.01294 3.24474 1.16749 0.680368 1.14271 -0.1843 1.92284 3.1284 1.51642 0.703391 0.855203 -0.187185
-4.23545 -4.26283 -3.67164 -0.850592 -1.25733 -0.076117 -4.13699 -4.19632 -3.52321 -0.840141 -1.30092 -0.278584
-2.17763 -3.45291 -3.33745 2.4834 -0.198131 -1.70268 -2.35693 -3.35869 -3.11208 2.33437 -0.151747 -1.50949
-1.47673 -0.827985 -4.1007 -1.22669 -0.201117 0.957601 -1.47881 -1.19122 -4.27496 -1.19956 -0.361138 0.981398
2.58482 1.04016 -0.956017 0.367153 -1.94725 1.35454 2.89718 0.895417 -0.453274 0.395709 -1.81207 1.15631
-2.70992 -2.6314 -3.59159 -0.860464 -1.34937 -0.628598 -2.49715 -2.73443 -3.69457 -0.786348 -1.62202 -0.636194
-2.55672 -1.08432 -3.38872 0.622736 1.88316 0.934437 -2.01815 -1.39894 -3.91225 0.372426 2.06704 0.919295
-2.25563 -0.464475 -1.03961 -0.94969 -1.40259 -1.04304 -2.44546 -0.63615 -0.824505 -1.28728 -1.13458 -0.90358
-1.63152 2.10927 3.16822 0.315585 -0.596142 -0.279067 -1.58029 1.99711 3.33507 0.42938 -0.286713 0.159914
-1.0096 -2.92516 -1.83678 1.57479 0.849731 0.134114 -1.23607 -2.75554 -1.90058 1.37257 0.718569 -0.187481
2.3195 -0.834871 0.239833 -0.226572 0.00809476 1.26186 2.12586 -0.07522 -0.122339 -0.136606 -0.148088 1.13354
-4.05621 -2.76565 0.299257 -1.88045 -1.29484 -0.884596 -4.14582 -2.42992 -0.0938664 -1.68032 -1.39706 -0.995332
-0.354955 -0.62479 -2.48732 -2.59639 1.31963 0.805044 -0.403903 -0.689862 -2.3676 -2.71171 1.31609 0.855713
-2.12167 -2.84107 -3.29954 -1.26835 -1.29209 0.26662 -1.92793 -2.6495 -3.09612 -1.03005 -1.23914 0.365126
-0.0625177 2.87098 -0.289776 0.326541 -1.0052 2.48924 0.105564 2.98958 -0.210093 0.0277331 -0.925068 2.51605
1.3745 0.392107 -0.746462 1.1753 0.681362 0.172286 1.25703 0.343188 -0.823914 1.26487 0.273246 0.169204
-2.61093 1.05637 -0.756923 -0.171368 -1.72603 -0.390279 -2.77902 1.02557 -0.280045 -0.249295 -1.6117 -0.280676
-3.81883 -4.0089 -1.27854 -0.534628 -0.936279 0.81628 -4.00053 -4.0328 -1.36855 -0.444906 -0.771403 0.809058
0.296182 -1.34625 -0.0552629 -1.41758 -0.408254 1.0662 0.167606 -1.68511 -0.123832 -1.45382 -0.515554 1.18595
-3.1075 -1.55164 -1.6196 -0.280389 -2.53377 -1.0571 -3.16569 -1.47435 -1.92184 -0.487931 -2.35572 -0.860191
2.28728 2.75012 2.30087 0.634833 -0.385817 -0.413736 2.31507 2.72239 2.08532 0.534497 -0.313884 -0.481767
-0.556818 -1.48046 -2.48663 -0.991218 1.4684 1.80979 -0.914355 -1.56168 -2.31864 -0.932715 1.41412 1.90358
0.644271 2.00628 -1.62806 1.70108 -1.40092 -0.375254 0.876785 2.13168 -1.20458 1.32975 -1.23846 -0.398827
-0.966173 1.74797 -3.53534 0.0423157 0.0383693 0.808172 -0.793345 1.57573 -3.48776 -0.124498 -0.0684644 0.759812
-3.32024 0.528129 -2.97915 0.153927 -2.3279 0.571998 -3.38711 0.298765 -2.72222 0.02782 -2.4456 0.728794
-0.449022 -2.84683 0.0804598 0.0331093 0.686855 0.259766 -0.748617 -2.71998 -0.170649 -0.256418 0.663871 0.382089
1.21681 0.667346 2.79552 0.342421 0.914883 -0.323267 1.18684 1.17545 3.15175 0.520373 0.754406 -0.572212
1.81121 1.51357 1.16664 1.09011 -0.737097 -0.0737567 1.78756 1.67846 0.618272 1.12074 -0.83986 -0.0192317
-0.0527891 -2.24252 -3.70861 -0.970901 -1.26238 1.26747 -0.0694233 -1.72631 -3.58088 -0.892096 -1.39039 1.19186
0.244882 2.23442 1.75851 -1.97724 -1.08167 1.12057 0.530981 2.03987 2.10831 -2.01538 -1.18444 1.2823
1.7726 2.54366 0.364499 0.230317 2.65423 -0.924569 2.02799 3.1992 0.826452 0.19264 2.51281 -0.766718
-2.53294 0.799975 -0.594929 -2.39673 -1.52947 -0.146692 -2.51973 0.0695063 -0.543637 -2.22801 -1.73799 -0.0123673
-0.429672 -0.674402 0.613465 0.700845 1.1182 -2.67866 -0.463506 -0.721509 0.6937 0.725098 0.79777 -2.68663
-0.13567 -2.29663 -2.44952 0.0939279 -1.21157 0.793137 -0.195036 -2.12327 -2.84965 0.0298131 -1.28251 0.588031
-1.18939 -1.11491 -1.32977 0.189145 0.495646 -0.159067 -0.98645 -0.859274 -1.16083 0.24221 0.653914 -0.207584
-1.29783 -3.082 -2.40054 0.22097 -0.755819 0.972622 -1.3938 -2.91991 -2.70845 0.169486 -0.853684 0.768729
0.831287 0.721764 1.96684 -0.288391 1.69154 0.282942 0.939016 0.84818 2.33229 -0.17231 1.66517 0.425957
2.77845 3.42017 3.50185 0.399449 -0.564289 0.0675782 2.56015 3.06628 3.67344 0.281989 -0.489867 0.134131
-4.00421 -3.96101 -2.11352 0.116375 0.185481 -0.381835 -4.16189 -4.05887 -2.35842 -0.0864815 0.0860501 -0.180436
-3.07258 -4.05214 -4.63559 -0.151008 -0.953246 -1.37244 -2.85629 -4.23279 -4.36969 -0.176104 -0.96087 -1.3305
-0.154675 -0.71647 -0.223608 -0.260155 -0.199966 0.0739962 -0.10177 -0.752491 -0.349467 -0.217576 -0.352445 0.1217
-2.48023 -2.46037 -3.11317 0.267743 0.468827 0.101829 -2.62805 -2.29106 -3.32425 0.346779 0.443516 0.119138
-2.80808 -1.65109 -3.63306 -0.889391 -0.273571 0.0994655 -2.47076 -1.74277 -3.48468 -0.867941 -0.257969 0.142462
-0.413157 2.08323 -3.22683 1.84869 1.3265 0.452918 -0.536241 1.89019 -2.94665 1.57941 1.0257 0.452716
2.78877 1.47664 2.74388 0.164358 -0.447078 0.356614 2.59849 1.37898 2.79326 0.246413 -0.364917 0.451184
2.97292 2.52972 2.51585 -0.258594 -0.43391 0.309504 2.95604 2.64394 2.31147 -0.385942 -0.714688 0.275131
1.52661 1.79376 2.33888 0.815731 -0.233905 -0.588783 1.56713 1.88402 2.38977 0.81494 -0.205809 -0.591029
1.74181 2.14823 2.00255 0.222905 -0.714783 0.244019 1.56728 2.0802 1.89352 0.117685 -0.666258 0.159173
1.44498 2.78863 2.4534 0.662619 0.371526 0.442062 1.57336 3.03862 2.21031 0.722344 0.523848 0.487603
2.1874 2.30445 2.54333 1.10456 0.922152 0.761016 1.90444 2.43859 2.7402 1.07466 0.960754 0.841704
2.33271 2.95426 2.61591 0.21593 0.291909 -0.0684938 2.53127 2.86298 2.61872 0.239184 0.388721 -0.0440158
1.32458 2.50473 3.00229 0.494933 0.820352 0.0589462 1.39003 2.55287 2.91416 0.508375 0.859115 0.123505
0.604034 0.99035 1.7994 0.0186255 0.388136 0.69265 0.639439 1.0977 1.383 -0.026713 0.522535 0.547728
1.68799 2.09494 2.66703 0.286048 -0.266322 -0.139181 1.93623 2.37065 2.45927 0.242329 -0.294609 -0.167107
1.07904 1.24465 2.27611 0.976902 1.03149 0.370611 1.06823 1.10051 2.4699 0.739842 1.03467 0.332176
2.12499 1.26698 2.3119 0.924356 0.147511 0.259404 2.34402 1.02661 2.36786 0.906047 0.211137 0.278221
1.20884 1.26634 2.6644 0.12965 -0.0206191 0.523986 1.04247 1.05579 2.96038 0.202411 -0.0298256 0.469359
1.51793 2.44388 2.20398 0.389582 -0.124806 -0.226236 1.48942 2.70305 2.10013 0.331682 -0.229195 -0.253336
2.8808 2.3465 2.38248 0.199507 -0.203109 0.411738 3.02329 2.31422 2.15898 0.324521 -0.0530389 0.410434
1.29658 1.11102 2.11107 0.00973438 0.144124 0.484542 1.27046 0.918384 2.22703 -0.0104045 0.22084 0.576713
1.55015 1.24497 2.34721 0.224876 -0.248129 -0.0352382 1.57872 1.58141 1.8136 0.365451 -0.326093 -0.142803
2.09035 1.7611 2.6215 0.58391 0.519737 -0.399725 1.84337 1.91577 2.36171 0.543805 0.48789 -0.510277
2.78936 2.34161 3.60252 0.691861 0.555241 0.161293 2.56038 2.40674 3.37992 0.64046 0.54126 0.246233
1.61843 2.43121 2.90052 -0.00115676 0.159394 -0.50046 1.5966 2.43345 3.1636 -0.115695 0.351667 -0.652106
0.827614 1.3719 1.20059 0.843072 0.21555 -0.202576 0.861204 1.3262 1.36529 0.79948 0.207845 -0.333452
2.39439 2.83045 2.5727 0.477275 0.53678 -0.206028 2.31922 2.83897 2.51721 0.421502 0.389032 -0.291114
1.71898 1.44205 2.36277 -0.245184 -0.343136 -0.308468 1.7157 1.43969 2.21044 -0.281202 -0.390471 -0.274123
1.59628 2.70593 1.41753 -0.0280361 -0.430093 -0.497267 1.60239 2.65359 1.43734 -0.102259 -0.394754 -0.491041
2.94986 1.94822 2.54404 0.0211325 0.412269 0.402419 3.16527 1.86633 2.59089 0.185461 0.430959 0.280807
2.0467 0.776278 1.64469 0.357994 0.317623 1.39779 1.96175 0.922443 1.74755 0.277887 0.294433 1.34736
3.80602 2.40066 3.06216 -0.314053 -0.319327 -0.0819254 3.83018 2.70605 3.0126 -0.379188 -0.282811 -0.132427
1.24212 0.915955 1.13408 0.7089 -0.50327 0.348095 1.17674 1.0143 1.22407 0.720061 -0.534401 0.234311
1.39566 1.27743 1.09854 -0.856792 0.118757 0.126923 1.17207 1.29007 1.33874 -0.795689 0.13755 0.138806
1.58481 1.66154 1.67192 0.286637 0.054481 0.204021 1.36201 1.86297 1.85993 0.22505 0.070651 0.140523
2.98937 2.17113 2.8863 1.06739 -0.490035 0.201878 2.70153 2.30449 3.19255 0.947649 -0.664886 0.164755
1.38822 1.50181 2.11146 0.85821 -1.25134 -0.557812 1.2689 1.66655 2.06912 0.912764 -1.30124 -0.657813
0.881431 1.32585 1.27985 0.683412 0.280433 0.60002 0.963383 1.29177 1.21354 0.568811 0.408206 0.64026
3.1146 2.08099 2.53437 0.265749 -0.392177 0.897986 3.26374 2.15343 2.17311 0.134683 -0.547755 0.858964
1.67456 1.19054 1.65092 1.01883 -0.325482 0.982291 1.54265 1.0064 1.80408 0.954206 -0.316088 1.01077
2.07704 2.11412 2.37898 -0.420632 -0.625553 0.31893 2.04381 1.95183 2.33032 -0.445467 -0.713609 0.284973
1.94988 2.53633 2.64168 0.440271 0.0352513 0.176707 1.86886 2.49263 2.39393 0.293007 0.0545429 0.111086
1.03811 0.735616 1.82998 0.475924 -0.246099 0.244024 0.865455 0.780224 1.7505 0.338304 -0.373767 0.117436
3.04967 3.17662 3.19148 0.372638 0.557923 0.153977 3.03806 3.36699 3.20147 0.169222 0.588289 -0.0607969
1.66695 2.62194 2.11542 0.953127 -0.414515 -0.451161 1.47355 2.64423 2.31527 0.909793 -0.468273 -0.5599
2.58908 2.34479 3.14161 -0.0294666 0.476051 0.179702 2.92179 2.3876 2.90366 -0.0225658 0.526758 0.1618
2.35868 2.49875 2.16526 0.347971 0.226 -0.148733 2.44291 2.61641 2.45882 0.375351 0.114307 -0.185736
2.25543 1.28518 2.02006 -0.0902773 -0.920666 0.0966098 2.11188 1.21884 1.72168 -0.0544192 -0.900085 -0.0115053
1.22342 1.69537 1.50274 0.3671 0.221426 0.180059 1.29229 1.77049 1.47236 0.261216 0.262523 0.0848645
2.03519 2.4239 2.22257 -0.167447 -0.0768332 0.967967 2.10346 2.4381 2.40261 -0.102911 -0.213047 0.970631
1.99927 1.5782 1.81416 0.199155 0.797918 0.388962 1.78019 1.40712 1.82852 0.128699 0.9338 0.345374
2.19135 1.4311 2.02276 0.958767 -0.676109 0.671107 2.20312 1.34876 2.15538 0.850009 -0.705878 0.594335
1.73562 1.46558 1.86855 0.201013 0.0451085 0.418087 1.81303 1.41085 1.65935 0.18394 0.0584982 0.443211
2.52284 2.58452 3.26366 0.75978 -0.116072 0.846633 2.10673 2.84117 3.08936 0.737881 -0.317783 0.743159
1.83899 1.17316 1.94806 0.546119 -0.141468 0.531451 1.87999 0.989444 1.93992 0.486184 -0.0480841 0.602757
3.41913 3.59658 2.47583 0.706846 0.190718 -0.0139488 3.50084 3.68277 2.39241 0.588716 0.273229 0.0406962
2.63802 2.84364 3.23312 -0.302989 -0.0458158 0.749336 2.73724 2.74274 3.22179 -0.308114 -0.125838 0.740047
1.4933 2.38693 1.82798 0.634724 0.0174496 -0.0173154 1.31714 2.69082 1.87175 0.600987 0.123218 0.0710915
2.03329 1.97682 1.4859 -0.0179943 0.204027 -0.159631 1.83695 1.89968 1.56958 -0.0299163 0.320622 -0.147318
1.71275 1.72094 1.20166 0.104245 0.236005 0.0319188 1.93039 1.55412 1.08543 0.179326 0.160261 0.00155096
1.69845 1.24283 2.37348 -0.268414 -0.508407 0.561664 1.95769 1.559 2.35102 -0.301691 -0.571753 0.584334
2.35995 2.81963 2.96064 0.590761 -0.0918263 0.620083 1.94678 2.73635 2.82876 0.516414 -0.148429 0.559038
3.19421 3.10666 2.88199 1.0767 -0.209387 0.527301 3.38659 3.24434 2.45716 0.957341 -0.255819 0.335387
2.55524 1.95981 3.03971 -0.0763685 0.492422 0.0157246 2.65131 1.9498 3.1839 0.0470537 0.503302 0.0364231
2.12782 2.4952 2.0296 0.0675459 -0.513467 0.118654 2.38899 2.47765 1.99308 0.0341863 -0.52212 0.129581
1.81703 1.11696 2.21173 -0.195694 -0.156964 0.460666 1.5324 1.30036 2.43065 -0.175636 -0.197738 0.439649
1.20101 2.34188 1.8912 -0.0144432 -0.316506 0.671766 1.05525 2.26541 1.97427 -0.0206809 -0.215524 0.621976
2.12492 1.64009 2.10256 0.0579906 -0.372187 -0.26087 2.07612 1.66708 1.96207 -0.0654221 -0.340961 -0.333447
3.45814 2.47197 3.80233 -0.353569 -0.241191 0.322882 3.26305 2.46657 3.63621 -0.343829 -0.300796 0.261071
1.68483 2.12363 2.65299 1.5839 -0.424782 0.393158 1.71899 2.04787 2.88921 1.49422 -0.402552 0.30813
1.84839 1.69674 1.81117 0.163167 -0.733228 0.136962 1.72855 1.88246 1.73179 0.103228 -0.877631 0.0338278
1.39804 1.2266 0.910008 0.616079 0.166794 0.578796 1.4022 0.815897 0.858493 0.609364 0.0998131 0.563161
3.23804 3.21783 3.36055 0.539886 -0.0613315 0.215881 3.21414 3.38865 3.51984 0.344235 -0.0340113 0.198754
2.11503 1.68019 2.92999 0.199243 -0.340753 0.41395 2.2697 1.55486 2.7242 0.258496 -0.35978 0.442534
2.85847 3.42133 2.31076 0.148036 -1.01492 -0.055978 2.69667 3.43452 2.51066 0.0848614 -1.17781 -0.0994878
1.58978 1.94859 2.80144 0.396408 -0.284166 -0.25253 1.91197 2.04606 2.55258 0.31898 -0.235719 -0.369411
1.49133 2.47783 2.10835 0.395262 -0.265583 -0.415873 1.55809 2.37958 1.98653 0.430757 -0.367129 -0.642245
1.33054 1.51921 1.56667 0.753234 0.326906 0.220557 1.37426 1.6217 1.64489 0.849885 0.358711 0.262918
2.21933 1.85429 2.03482 -0.323917 -0.486043 0.379663 2.17134 1.68827 2.05823 -0.29273 -0.52846 0.384549
2.74255 2.65494 2.59773 0.83567 0.226794 0.419157 2.55164 2.59733 2.73921 0.978681 0.361712 0.472393
2.83304 2.63395 3.40958 -0.102326 -1.5021 0.209645 2.54313 2.51937 3.56532 -0.274758 -1.47629 0.199907
1.26194 1.96094 1.54422 0.105228 -0.671123 0.823564 1.4792 1.96157 1.69401 0.0669997 -0.586619 0.718877
2.59975 2.65978 1.96785 0.228571 -0.262739 -0.124488 2.57342 2.51932 2.05912 0.161913 -0.311205 -0.213312
3.84463 2.99041 2.49353 0.330665 -0.195344 0.178412 3.6396 3.12012 2.37227 0.188951 -0.141737 0.20605
0.585759 0.382711 1.47274 0.484501 -0.94533 -0.570875 0.574279 0.686834 1.34371 0.339377 -1.01764 -0.640986
2.45851 3.09037 3.96013 -0.330678 -0.588075 0.117894 2.33369 3.54607 4.1724 -0.325709 -0.490998 0.103072
3.17454 2.27397 2.88817 0.889098 -0.0364999 -0.310961 3.32018 2.00038 2.79103 0.98962 -0.0364359 -0.424726
2.8133 4.70421 3.13753 -0.191893 -0.32351 0.870828 2.67712 4.70436 3.11141 -0.421457 -0.323948 0.956538
1.90559 2.05739 1.71262 0.857781 0.275745 0.00746719 2.1112 2.20056 1.55913 0.841053 0.343668 0.0135715
3.22686 3.89149 3.30594 0.590189 0.845861 0.266825 3.05749 3.96847 3.52152 0.697482 0.881163 0.223828
1.75203 1.08092 1.76378 0.562294 0.314203 0.639476 1.56653 1.16103 1.67702 0.56993 0.321098 0.711281
2.64049 1.50123 2.69143 -0.116737 0.509178 0.483332 2.62632 1.49561 2.59466 -0.0293072 0.666067 0.441116
2.76012 2.77937 3.32561 0.371482 -0.520099 0.555035 2.73425 3.13523 3.41084 0.409899 -0.43923 0.30648
1.597 2.17566 2.84043 0.152731 -0.298107 1.11667 1.54375 2.09139 2.95821 0.253944 -0.155626 1.25542
2.76399 3.09464 3.84909 0.434957 0.305725 0.0832383 2.6394 3.28752 3.71826 0.490462 0.601668 -0.109703
3.21942 3.07637 3.1599 0.254935 0.121689 -0.200322 3.33292 3.13588 3.22491 0.21834 0.124722 -0.337165
2.26469 1.98581 2.23508 0.214503 0.0970779 0.76704 1.94352 2.39294 2.40471 0.193079 0.0493812 0.778411
2.51311 3.21535 3.65125 0.0239257 -0.31368 0.223239 2.66747 3.10091 3.86146 -0.0489129 -0.284291 0.0899228
0.882511 1.98416 1.27292 -0.00421036 -0.826566 0.0210848 0.914769 1.6819 1.38867 -0.0494943 -0.698255 -0.0961682
2.3531 2.25807 1.5727 -0.0385231 -0.0822441 -0.00936985 1.98415 2.39618 1.53133 -0.0920786 -0.0687277 0.0519018
2.79891 3.61526 3.09243 0.803036 -0.00378087 0.639168 2.99974 3.69186 3.03239 0.89436 -0.0770724 0.663323
1.52748 3.17743 2.6141 0.257881 -0.893312 -0.549865 1.35647 3.08823 2.66018 0.131461 -0.937039 -0.472475
3.31948 2.38356 2.66162 0.0549359 -0.0833208 0.721829 3.55687 2.40829 2.20841 -0.0299728 -0.0256848 0.638859
2.50972 3.08963 3.28832 1.08941 -0.415881 1.07364 2.59867 2.80401 3.39411 1.05355 -0.419187 1.06625
0.616915 1.96705 1.93774 0.490628 -0.174993 0.521922 0.781676 2.10254 1.72251 0.409284 -0.234975 0.44559
2.4369 1.59003 3.19717 0.197483 0.273819 0.302425 2.41504 1.73766 3.06385 0.147549 0.251868 0.190336
2.44353 3.86232 3.37309 0.307587 0.448394 0.581972 2.44563 3.8493 3.09405 0.37249 0.444875 0.506494
2.29229 2.3087 2.06006 0.0918355 0.24779 0.626927 1.89776 2.30811 2.02872 0.14218 0.144121 0.644205
3.29188 3.61414 3.44524 0.230194 0.352241 0.711492 3.23394 3.60829 3.70391 0.165453 0.379998 0.548201
2.38404 2.50062 3.5316 0.0606966 -0.359042 0.938386 2.47638 2.55217 3.42166 0.109766 -0.385165 1.03818
3.24687 3.84901 3.9267 -0.0351571 -0.27711 0.37363 3.65162 4.05856 4.05513 0.0185369 -0.213103 0.409401
1.71994 1.51347 2.73286 -0.298393 -0.0905009 0.106639 1.60825 1.65339 2.49552 -0.308974 -0.0883089 0.138149
1.31297 0.739176 0.710398 -0.535447 0.0809116 0.835117 1.38389 0.849328 0.79088 -0.501043 0.0857179 0.786318
2.46192 2.80793 3.5232 0.847936 0.347224 0.79953 2.18045 2.77098 3.2723 0.705078 0.22857 0.755966
0.805181 1.3726 1.27188 0.651128 -0.118451 0.284292 0.657955 1.30514 0.883271 0.622516 0.000323206 0.239858
2.84617 2.20105 1.96534 -0.108201 -0.504457 0.762689 2.67323 2.37521 1.8016 -0.23131 -0.448501 0.712429
3.88301 3.70776 2.5859 -0.134658 0.446135 -0.28348 3.88472 3.58506 2.54157 -0.223453 0.443697 -0.230909
0.986424 1.72752 2.10787 1.15618 -0.734696 -0.0638613 0.737919 1.82156 2.14687 1.11008 -0.742172 -0.00441288
1.84724 1.96518 2.37538 -0.112415 -0.157159 0.69606 2.02622 2.06509 2.37171 -0.168799 -0.0978184 0.712584
1.32604 1.18443 2.31678 0.299232 0.600192 -0.204662 1.47752 1.0482 2.07838 0.174571 0.625098 -0.300615
1.87976 1.79647 1.90064 0.46409 -0.567379 -0.213828 1.87343 1.46589 1.92403 0.477196 -0.521853 -0.296061
2.53431 3.06341 2.90637 0.0985299 -0.197734 -0.0899765 2.52365 3.24068 2.91187 0.15117 -0.287194 -0.084408
2.31259 1.81116 2.21103 0.00220152 -0.519828 0.114977 2.62027 1.64598 2.42108 -0.0116344 -0.462348 0.0311334
2.2342 1.56597 2.64453 0.740209 -0.37347 0.252852 2.39968 1.63674 2.51001 0.747561 -0.346781 0.117501
2.33915 1.64222 2.00031 0.253868 0.0734369 0.691037 2.12533 1.51908 1.70232 0.189073 0.15473 0.601347
0.00555429 -0.0172407 -0.45816 -0.309331 0.532754 0.511918 -0.0539224 0.0125908 -0.474356 -0.193697 0.544575 0.448611
0.976508 1.14435 -0.79529 -0.0264546 -0.220993 1.29086 1.20447 0.940279 -0.615809 -0.164107 0.0226909 1.09343
-2.16522 -1.26902 -0.994734 -1.14655 -0.689727 -0.873745 -1.8585 -1.24997 -1.02007 -1.14496 -0.660512 -0.812108
0.344662 0.786614 1.21609 0.257737 0.700009 -1.1785 0.528789 0.752788 1.00148 0.0817463 0.597511 -1.16023
0.736508 0.114392 -0.631993 -0.217754 0.512972 0.409451 0.837821 -0.261979 -0.371547 -0.14178 0.503432 0.329267
1.1982 0.584622 -0.120707 0.240197 -0.278778 1.13101 1.09755 0.646057 -0.437987 0.175814 -0.204554 1.17142
1.36096 1.24715 0.36465 1.90814 -0.389451 -0.401961 1.4882 1.08014 0.50352 1.86824 -0.414957 -0.531908
-0.342948 -2.31229 -2.86747 -0.621785 -0.13171 0.210019 -0.31381 -2.17317 -2.82855 -0.429515 -0.107361 0.213757
-1.47208 -1.32823 1.2269 0.0421575 -0.522246 -0.225639 -1.34453 -1.35953 0.943663 0.0873963 -0.558016 -0.127084
-2.10264 -2.07783 -1.67653 -0.550915 -0.337068 -1.21381 -2.22443 -1.92052 -1.67782 -0.53565 -0.153682 -1.06476
-1.05395 -1.78848 -0.363632 -0.176502 0.503619 0.765591 -1.08007 -1.75509 -0.125463 -0.185961 0.36409 0.721545
-0.963024 -2.38392 -1.95889 -0.337325 -1.40906 0.455363 -0.877397 -2.59813 -1.73224 -0.38224 -1.2169 0.53831
1.21704 -1.14948 0.542906 0.721944 -0.196473 -0.252874 0.899957 -0.867935 0.846718 0.660799 -0.179291 -0.22347
-1.98238 0.247949 -0.258133 1.11236 0.290445 -0.649909 -2.12998 0.466082 -0.25641 1.00289 0.387375 -0.668979
-0.594032 -0.852394 -1.06841 1.56931 0.155568 0.243267 -0.597522 -0.692827 -1.05437 1.48134 0.208036 0.232733
-1.69879 -1.3829 -1.87912 0.00690172 0.0797613 -0.349112 -1.52252 -1.37624 -1.83543 0.0341498 0.0420167 -0.310374
-0.0761583 -0.521865 0.616607 1.11112 0.663547 0.744122 -0.0638713 -0.358374 0.606359 1.00253 0.59033 0.799089
-1.73884 0.309588 -0.788864 -0.328522 1.03245 -1.09694 -1.62472 0.533918 -0.605651 -0.578829 1.1536 -1.15576
-1.27787 -2.07282 -1.4612 0.595558 0.551832 0.47707 -1.18483 -1.85764 -1.39734 0.600363 0.347595 0.461172
1.51036 -0.0276767 0.560783 1.99001 0.292794 0.442302 1.58911 -0.113855 0.722199 1.76618 0.452256 0.391312
-2.82197 -1.53983 -1.78463 0.373207 0.666028 -1.01778 -2.63705 -1.21216 -2.19984 0.270543 0.581552 -0.963681
0.130759 1.29564 1.15034 -0.628866 -0.74309 -0.677336 -0.109836 1.56891 1.04702 -0.651425 -0.573812 -0.671359
-0.239112 -0.302626 -0.775878 0.136542 -0.0996832 -0.337339 -0.320375 -0.117072 -0.696831 0.13738 -0.0175595 -0.27355
0.747499 -0.764056 -0.0302845 -0.25865 0.399551 -0.598277 0.735469 -0.857479 0.0410244 -0.243656 0.406722 -0.56021
-0.721276 0.0189567 0.0102806 0.239196 -0.0484279 -0.330786 -0.68936 0.0732131 0.154796 0.117169 -0.0704884 -0.349847
-2.54792 -0.919508 -3.89729 -1.0995 1.13787 0.129828 -2.45508 -0.968041 -3.8668 -0.986648 1.14949 0.327632
-2.45907 -2.41174 -1.67432 0.110281 -0.901163 -0.245196 -2.22003 -2.59324 -1.79812 0.00209286 -0.975568 -0.222494
-0.145129 -0.291757 1.59706 0.596301 0.885725 0.450301 -0.126202 -0.17699 1.71083 0.658803 0.859539 0.45078
-0.459234 -0.340526 -0.639596 1.59312 -0.649053 0.217246 -0.571942 -0.324337 -0.577444 1.49061 -0.473163 0.114495
-1.60417 -0.756476 -0.027139 -0.522793 -1.01844 -1.37598 -1.63747 -0.7334 0.13926 -0.504307 -0.918368 -1.33721
-3.01609 -2.11723 -3.71079 -0.152961 -1.34938 -1.80111 -3.14983 -2.47858 -3.63411 -0.328517 -1.19115 -1.62698
-0.334099 -1.31019 -2.03725 -0.526961 0.229715 -0.583359 -0.451747 -1.41345 -2.20906 -0.529972 0.149615 -0.589095
-0.253686 -1.39929 -0.750343 1.09263 -0.201895 0.412699 -0.400727 -1.49234 -0.822273 1.16927 -0.0044645 0.298196
0.147259 -1.115 -1.36089 -0.877749 -0.859968 0.60032 0.321638 -0.747975 -1.03008 -0.841515 -0.877376 0.415141
1.05231 -1.72632 -1.00907 0.403002 -1.16367 0.159352 1.02507 -1.34574 -1.22265 0.56745 -0.981398 0.00643322
-1.4007 -0.00914685 -1.01148 0.535184 0.0328627 -0.437542 -1.25119 0.164627 -0.992932 0.467014 0.0601483 -0.298415
-0.555739 0.0229101 -0.908806 0.112693 -0.235879 0.373591 -0.630377 -0.119366 -0.817902 -0.0086366 -0.145392 0.397131
-0.252616 -0.823832 0.47462 0.422394 -0.596536 0.297928 -0.0839046 -0.938814 0.430311 0.348294 -0.701205 0.350863
1.22633 -0.798548 1.18648 -0.168559 -0.75406 0.601751 1.57273 -0.903539 1.4333 -0.144663 -0.625185 0.641966
0.0441044 -0.104817 0.64831 0.0995088 -0.441271 0.0989327 -0.0452997 -0.0328514 0.628942 0.107273 -0.329898 0.0116554
0.888488 -1.51783 -0.644053 -0.908585 -0.599005 0.337489 1.26957 -1.64796 -0.373772 -1.08076 -0.615177 0.239033
-0.965994 -2.79403 -1.5291 0.210972 -0.180519 0.340176 -0.620357 -2.63232 -1.26616 0.103667 -0.256781 0.458037
-1.13818 -1.38591 -2.1863 -0.496104 0.287654 -0.137638 -1.12312 -1.52149 -2.25139 -0.589031 0.215883 -0.305845
-0.61677 0.346885 -1.09359 0.217377 -0.707856 -0.197823 -0.317952 0.397512 -1.36491 0.22561 -0.573723 -0.135196
-0.827605 -1.00116 -2.2297 -0.825073 -0.0775613 0.116129 -1.22801 -1.11981 -2.44772 -0.80885 -0.097074 0.175462
-1.43715 -2.74686 -1.26864 -0.863435 0.58364 0.886498 -1.05644 -2.62523 -1.25491 -0.933575 0.499548 0.944868
-1.62263 -2.45952 -1.28181 -0.280148 -0.937356 -0.66757 -1.64882 -2.59577 -1.18889 -0.0935013 -0.883247 -0.680351
-1.45642 -1.74593 -3.84633 -0.327522 0.683533 -0.103569 -1.33394 -1.95174 -3.75799 -0.376733 0.541856 -0.307031
1.77041 3.16618 0.478943 0.893021 1.14946 0.167964 1.84579 3.35554 0.223286 1.01096 1.2387 0.203807
-2.56138 -2.09007 -0.261698 0.465632 -0.492434 -0.89507 -2.34572 -2.11986 -0.318189 0.276955 -0.244856 -0.820428
1.2092 0.267509 0.856816 0.632954 0.192636 0.508901 1.17199 0.241934 0.688463 0.529814 0.219012 0.568747
0.779666 1.25997 1.30653 -0.403043 0.31745 0.177566 0.648189 1.40127 1.26632 -0.400171 0.296832 0.0814889
-0.561023 -3.15562 -0.161179 1.09203 -0.780401 0.0270181 -0.685535 -3.28605 -0.206916 1.05385 -0.747721 -0.0261306
0.64241 -1.24274 -1.13364 -0.615475 0.138948 0.390504 0.574344 -1.19351 -1.23576 -0.633896 0.138473 0.372436
1.33723 1.43099 -0.785667 1.07798 0.621148 1.20702 1.59282 1.47966 -1.0616 1.00296 0.529317 1.04379
-0.721012 -0.391977 -0.444301 -0.136703 -0.027207 -0.64648 -0.94989 -0.443541 -0.429158 -0.241003 -0.0970723 -0.654951
0.246029 -1.42522 1.74944 0.842078 -0.250925 0.504475 0.365479 -1.59527 1.68122 0.873321 -0.139345 0.573392
-1.68215 -1.65638 -1.70315 0.684937 -0.326794 -0.356342 -1.66607 -1.61297 -1.77129 0.659467 -0.311532 -0.456825
0.540406 -0.408563 -0.261227 0.539695 -0.193262 -0.168307 0.55773 -0.446637 -0.148153 0.521677 -0.269528 0.00040487
-1.64204 -0.926408 -2.26971 0.347487 -0.0600277 0.402515 -1.74967 -0.894742 -1.9554 0.372519 -0.0400739 0.549044
-1.40072 -1.20123 -0.69353 0.385903 -0.386581 -0.10654 -1.34849 -1.08933 -0.884043 0.390397 -0.361683 -0.0829024
-1.69369 -0.534641 0.219981 0.470636 -1.48449 -1.89166 -1.8386 -0.425282 0.525527 0.451035 -1.49402 -1.82013
0.498679 -0.69845 -0.509654 -1.16767 -0.0142245 1.26676 0.261189 -0.719622 -0.482445 -1.21209 0.0622517 1.01904
-2.23762 -3.08133 -3.17131 -0.965259 0.201514 0.0424389 -2.20219 -3.13339 -3.13768 -0.963863 0.262311 0.0805788
-2.37029 -2.08259 -1.50507 -0.419604 -1.207 -0.440244 -2.41676 -2.21383 -1.5255 -0.447934 -1.22824 -0.416359
1.19596 1.29096 -0.896829 0.605735 0.562283 -0.378578 1.21405 1.50713 -0.627732 0.637503 0.604261 -0.443301
0.596908 -1.07422 -0.0820534 0.2629 0.203873 -0.1356 0.345824 -1.11014 0.269934 0.31323 0.325237 0.0242602
0.203705 -0.20862 -0.607453 0.31411 -0.242916 -0.227158 0.337492 0.102077 -0.759378 0.348154 -0.230113 -0.184851
-0.168649 0.482043 -0.302696 -0.00360903 -0.101881 -0.180871 0.184031 0.515514 -0.777673 -0.124516 -0.13222 -0.181558
-1.35088 -0.108638 -0.457547 -0.656636 -0.0564282 -0.440397 -1.49139 -0.096596 -0.333391 -0.703306 -0.132721 -0.428066
-0.415715 -1.23808 -0.63884 0.785166 -0.21927 -0.722366 -0.477818 -1.37582 -0.724441 0.723706 -0.290358 -0.620309
-1.53433 -1.42697 0.734569 0.386274 -0.545714 -0.113918 -1.67467 -1.37375 1.00985 0.480755 -0.548904 -0.0409114
-1.82694 -1.11325 -0.798746 0.596982 0.13962 -0.00051255 -1.58495 -1.42536 -0.841066 0.537644 0.0320322 -0.0618547
-0.442851 -0.00646169 -0.250553 -0.821568 -0.0384027 -0.524562 -0.623244 0.290287 -0.277922 -0.760236 -0.118222 -0.44812
-0.933055 -1.08263 -0.361791 0.550744 0.396921 -0.113702 -0.935003 -1.16227 -0.251684 0.518737 0.400473 -0.323876
-2.05921 -2.53135 -1.20891 -0.559101 0.601157 -0.466607 -2.44613 -2.59066 -0.943453 -0.432162 0.493824 -0.467187
-1.56539 -2.25274 -2.20274 -0.551416 -1.0254 0.0854958 -1.4598 -2.02014 -2.16235 -0.613919 -0.950162 0.168828
-0.369228 -1.09805 -0.624258 -0.287921 -0.500397 -0.0948809 -0.375066 -1.18282 -0.456465 -0.317551 -0.413239 -0.053902
-0.537538 -1.79649 0.245349 0.482704 -1.13318 -0.277594 -0.361057 -1.68686 0.146218 0.462364 -0.988695 -0.141211
1.74236 -1.91437 0.0754802 1.03738 -1.18063 -0.746172 1.64569 -1.6646 0.294297 0.913788 -1.00025 -0.799659
-1.33296 -1.23903 -0.296034 0.220669 0.0157518 -0.873779 -1.22459 -1.34142 -0.398707 0.183879 0.100204 -0.888581
-0.650478 -2.0597 -2.70963 -0.474258 -0.464337 -0.21341 -0.61825 -2.019 -2.53983 -0.620503 -0.371459 -0.186002
-1.88704 0.252188 -1.84286 -0.708929 -0.756368 0.635647 -1.94912 0.535689 -1.45593 -0.627172 -0.805229 0.582169
-2.36174 -2.88541 -0.600362 0.195924 -1.65846 -0.410891 -2.61929 -3.17513 -0.548186 0.332436 -1.55319 -0.304846
-2.15914 -1.59708 -2.06463 -0.357124 -0.0163169 1.5726 -2.12512 -1.5756 -1.97734 -0.344823 -0.19778 1.5353
1.03853 1.1905 2.96908 0.808768 0.466991 -0.762803 0.962812 1.03322 3.08661 0.845547 0.258352 -0.793448
0.9402 2.56732 0.844987 -0.219785 0.204886 0.465966 0.843992 2.37721 0.801225 -0.44183 0.419296 0.398422
-0.350444 0.770322 -0.0450736 -0.190046 -1.05433 -0.213947 -0.376375 0.775229 0.226106 -0.136998 -0.930683 -0.268402
-2.28076 -0.742134 -0.975284 -0.0768232 0.453784 -1.19337 -2.17024 -0.758763 -1.32867 -0.0270539 0.516596 -1.17909
-1.31033 -0.0793334 0.300372 -0.172817 -0.36001 0.0998809 -1.43605 -0.358267 0.830943 -0.169273 -0.197188 0.0573202
-1.16896 -0.0807136 -1.59184 -0.0486384 -0.293645 0.273625 -0.99112 -0.0560721 -1.74483 -0.0664672 -0.333675 0.288446
0.25128 -0.535018 -0.157731 -0.122808 0.0293859 -0.228168 0.16017 -0.516467 -0.328474 -0.168924 -0.0555927 -0.129802
0.250777 -2.3983 -1.0277 1.51272 -0.54638 -1.38446 0.111449 -2.23776 -1.19202 1.42192 -0.375974 -1.36945
0.855502 0.153666 0.637538 0.680651 -0.74572 -0.436346 1.09789 0.137681 0.739598 0.424743 -0.641021 -0.348513
-0.835998 -0.579428 -0.400235 0.0724082 0.26711 -0.148491 -0.545976 -0.397841 -0.559892 0.0828743 0.380089 -0.0240631
-1.53311 -2.23801 -2.25323 -0.734291 -0.477403 -0.467135 -1.72763 -2.28476 -2.30497 -0.874884 -0.455453 -0.46822
2.00074 0.198171 2.61988 -0.747429 0.184479 1.08937 2.01873 0.0279127 2.96409 -0.710894 0.210667 1.06952
-0.239779 -2.56815 -2.17329 -0.107608 0.231627 0.484508 -0.0991858 -2.50736 -2.15772 -0.190964 0.237679 0.363359
-1.90876 -1.07986 -0.311934 -0.0423889 -0.24834 -0.273819 -2.11512 -0.900677 -0.436046 0.0988089 -0.313054 -0.426867
-0.87979 -1.03293 -0.96925 0.67365 1.14712 -0.851258 -0.878996 -0.807856 -1.13127 0.620743 1.20217 -0.852106
-0.60973 -1.15619 -0.640644 -1.06223 -0.633618 0.267345 -0.394219 -1.45564 -1.01378 -1.03459 -0.656243 -0.126481
-1.24301 -0.375804 -0.504511 0.217262 0.332525 -0.1215 -1.08607 -0.315731 -0.907497 0.242116 0.377918 -0.15111
1.52528 3.54641 2.00034 0.0958247 0.189552 0.524871 1.66003 3.46671 1.65823 0.125613 0.0559584 0.605769
-1.43889 0.916775 2.04301 -1.01581 -0.0134702 -0.716996 -1.48852 0.960522 1.93175 -0.954388 0.0745725 -0.690513
-0.867491 -2.75799 0.00848414 0.15055 -0.410455 0.158699 -0.695911 -2.52162 -0.0816204 -0.00378161 -0.305821 0.00248377
-0.690696 -0.51077 0.931682 -0.710288 -1.01654 0.0929268 -0.683172 -0.611373 1.17145 -0.741075 -0.776429 -0.00102433
0.855228 1.80913 -0.201758 -0.502636 0.977094 -0.0679696 0.805233 1.83104 -0.388877 -0.455034 0.906201 -0.0328529
0.962744 -0.436304 -0.0456979 0.23401 -0.709031 0.501271 0.896629 -0.197141 0.0904046 0.166323 -0.633919 0.316307
-0.229064 1.71739 -1.29807 -0.080411 0.286481 -0.487814 -0.54024 1.85339 -1.12663 0.146457 0.143876 -0.453071
-0.0114005 1.14494 1.60217 -0.0524532 -0.407787 -0.735358 -0.0624734 0.732828 1.79504 -0.19353 -0.438006 -0.593113
1.33307 0.938048 0.69313 -0.173262 -0.293679 -0.253765 1.27636 0.85926 0.604752 -0.0997924 -0.425881 -0.413558
1.37341 -0.538753 -0.031883 0.146513 -0.213206 0.788764 1.23901 -0.400463 0.0594647 0.126131 -0.0711733 0.792757
-0.276651 -1.22734 -0.0486603 -0.627251 0.883011 -0.143623 -0.294046 -1.33024 -0.0270158 -0.451313 1.09322 -0.115698
-1.34965 -1.77027 -0.589782 -0.5392 -0.00611417 -0.306977 -1.05796 -1.95542 -0.60957 -0.637327 0.0426688 -0.249153
-1.07986 -1.11642 -0.623717 0.710947 0.453788 -0.107021 -1.29624 -1.43467 -0.663184 0.733491 0.5209 0.056857
-0.369386 -0.90038 -0.779413 -0.590821 0.115027 0.677883 -0.372915 -0.878289 -0.658267 -0.560694 0.0748517 0.701141
2.42232 0.00287021 0.00201165 -1.00611 -1.00166 0.323329 2.4268 0.121736 -0.220426 -0.882023 -0.996624 0.224811
-1.23495 -2.86124 -2.51648 0.281621 0.513832 0.466122 -1.40408 -2.85423 -2.63978 0.21923 0.396629 0.38248
-3.31088 -3.11921 -2.29289 -0.353144 0.70403 -0.145566 -3.45105 -2.83637 -2.40845 -0.140131 0.727416 0.099583
1.34894 1.9816 0.485866 -0.530922 0.178017 -1.16229 0.629135 2.07436 0.281178 -0.35136 0.0584907 -1.08921
0.758059 -0.286711 -0.277766 -0.33933 -0.643604 -0.0144782 0.943063 -0.257066 -0.544053 -0.375693 -0.732051 0.0306398
-2.5689 -3.10887 -0.977281 0.451567 0.49153 1.07213 -2.60881 -2.89362 -1.0518 0.529971 0.380861 0.956599
2.13313 0.69229 -1.00959 0.27901 0.234718 1.54662 2.378 0.757868 -0.951696 0.371584 0.131393 1.45045
-1.20434 1.73759 1.32634 -1.27006 0.0428305 -0.310897 -0.98536 1.44196 1.40787 -1.43321 0.19545 -0.245643
-1.42629 -1.76431 -2.07305 -0.416663 0.248284 0.238795 -1.26706 -2.0524 -1.87702 -0.454006 0.266244 0.294365
-1.58859 -1.61544 0.225358 -0.506401 -0.0706937 -0.468103 -1.66815 -1.50687 0.226161 -0.502436 -0.110555 -0.548211
-0.405713 1.52305 0.469415 -1.58688 -0.56234 -0.0681897 -0.573028 1.66094 0.507077 -1.35697 -0.609211 0.0534614
0.428291 -0.950096 0.578111 0.939633 -0.394167 0.721732 0.557896 -1.00633 0.475834 0.850179 -0.468745 0.657212
0.248854 -0.448935 -0.511912 -0.188265 0.350775 -1.25746 0.348228 -0.40903 -0.729311 -0.19784 0.314814 -1.1858
0.00111969 0.369521 -0.559212 -0.0705306 0.297804 -1.24379 0.183482 0.325583 -0.590143 0.00919815 0.331975 -1.36894
0.0151356 1.39023 -0.0603973 0.848434 0.800507 -0.528441 -0.414859 1.41588 -0.13823 0.923273 0.642578 -0.495267
0.125991 -0.569829 0.422882 0.339101 0.110794 0.567864 0.437349 -0.74406 0.788877 0.136468 0.0796816 0.393331
-0.368382 -0.245955 -0.796786 -0.962809 0.0675887 -0.495362 -0.318939 -0.117758 -0.883668 -0.96921 0.0703976 -0.605959
-3.74356 -1.9991 -2.49435 0.509077 -0.970143 -1.68928 -3.54385 -2.15529 -2.51786 0.41798 -0.900519 -1.64827
-1.93714 -1.99235 -1.3008 -0.0160375 -0.834338 -0.921209 -1.69094 -1.94485 -1.53458 -0.0721762 -0.74583 -0.811826
0.0346641 0.241978 0.93658 0.340025 0.0418155 -0.43059 -0.240922 0.291817 1.26111 0.396024 0.120991 -0.447864
-1.0663 -1.67273 1.1813 0.495097 0.124474 0.180338 -1.31729 -1.63636 0.935639 0.443531 0.128014 0.108839
-1.38503 -0.0292126 -1.26511 0.348934 0.501057 0.106833 -1.5954 0.0364818 -1.21384 0.360558 0.45951 0.0155976
-0.991274 -2.15032 -0.319138 -0.086157 -0.389969 -0.0598939 -0.947751 -2.12219 -0.532493 -0.0982594 -0.350355 0.045297
0.425929 -0.704874 0.804381 -1.1735 0.286538 0.929169 0.484025 -0.724829 1.10783 -1.13565 0.284245 1.03833
-1.31798 -1.47069 0.122128 0.676147 0.99627 0.760372 -1.01046 -1.50582 0.0783437 0.492441 0.946212 0.828488
1.33524 1.1629 0.80997 0.0593553 0.922797 0.482827 1.68967 1.16388 0.740205 0.0116572 0.954173 0.345
-3.55946 -1.73781 -2.69702 -0.558139 0.272967 -0.787877 -3.51021 -1.69827 -2.4821 -0.423403 0.266443 -0.858082
1.37597 2.01813 1.13137 0.609804 -0.408051 1.33567 1.23185 2.06639 1.08505 0.584302 -0.411589 1.21098
-0.745611 -1.63381 -0.530569 0.0270325 0.846521 -0.982885 -0.725745 -1.65407 -0.527551 -0.0608116 0.75959 -0.986725
0.373874 0.59294 -0.236056 0.426169 0.815383 0.836717 0.319683 0.501323 -0.155902 0.371536 0.905904 0.736082
-0.441866 -1.71039 -1.43018 1.54785 0.427919 0.497018 -0.68732 -1.55318 -1.41223 1.40864 0.376484 0.386509
-1.04004 -0.180123 -0.529392 1.17501 1.01852 -0.0210932 -1.17822 -0.217275 -0.484335 1.07372 1.04896 -0.0208066
-0.630229 -1.93668 -1.64238 -0.373149 -0.426672 -0.451528 -0.477267 -1.95745 -1.68721 -0.377838 -0.472627 -0.502256
-0.961369 -3.19124 -2.63965 0.0313717 -0.412431 0.841341 -0.787378 -3.32404 -2.86936 0.145762 -0.312362 0.784005
-0.209116 -2.04056 0.90199 0.473473 0.558798 -0.59516 -0.258009 -2.04678 0.86564 0.549227 0.512635 -0.454499
-0.651456 0.471235 0.314401 0.123309 0.873997 0.776799 -0.590505 0.654644 0.195214 0.159613 0.751605 0.739978
-0.675165 -2.68333 -0.375984 -0.314289 0.820814 -0.339716 -1.2046 -2.87827 -0.305889 -0.107523 0.773336 -0.344621
0.727852 -0.194141 0.267524 0.862562 -0.841134 -0.242579 0.642303 -0.0348993 0.118417 0.921845 -0.825596 -0.195776
-0.541927 -0.649497 -1.5935 -1.00913 0.617997 1.5621 -0.346782 -0.625713 -1.40217 -1.10066 0.63104 1.39761
0.985714 -0.398577 0.225116 -0.0815888 0.209571 1.13155 0.907666 -0.358166 0.15157 -0.169666 0.152192 0.996057
-0.0298973 -0.912581 -2.51872 -0.4668 -0.373003 0.254111 -0.31661 -0.501003 -2.50352 -0.44947 -0.383169 0.190371
2.47283 0.661136 1.02527 0.371957 -0.242682 0.557469 2.28301 0.689423 0.981295 0.463151 -0.122047 0.487826
-1.64522 -0.857822 -1.70972 -0.524471 -0.229955 0.626369 -1.65825 -0.861324 -1.54501 -0.531608 -0.17249 0.655136
-2.54472 -1.69455 -2.01428 0.961769 -0.0649053 -0.308001 -2.41252 -1.92967 -1.98179 0.911689 0.00414995 -0.308453
0.292934 -1.34879 0.0560436 0.0554308 0.011017 -0.462869 0.242183 -1.6927 -0.0846144 0.00515756 0.260017 -0.506827
-1.13279 0.551781 1.05291 -0.112705 -0.58759 -0.462649 -0.837096 0.476556 0.962397 -0.0114283 -0.610814 -0.527627
0.131003 0.00502852 2.44973 0.114511 0.843197 -0.166924 -0.166904 0.133232 2.70091 0.178939 0.971117 -0.0980194
0.131052 -2.2583 -2.11044 0.669228 -0.035471 -0.292485 -0.0851817 -2.03142 -2.04026 0.764045 -0.101691 -0.312471
-0.610939 -0.341853 -2.09585 0.465597 -0.223275 -0.339015 -0.687741 -0.272908 -1.87235 0.506695 -0.301152 -0.199208
2.279 4.4858 3.69578 0.0448768 0.340536 0.298947 2.32443 4.42227 3.80797 0.179633 0.16657 0.557216
0.160902 0.958586 0.554826 0.662197 0.9208 0.136856 0.270342 1.02384 0.691691 0.801314 1.05608 0.158239
0.477441 0.394375 1.03384 -0.567105 -0.130521 -0.295731 0.211579 0.534741 1.29284 -0.427205 -0.235798 -0.288756
1.04715 0.450816 0.790031 0.355035 -0.696336 -0.0352654 1.33162 0.456868 0.74017 0.0677251 -0.761668 -0.0536302
-2.42652 -1.76615 -2.43177 0.267905 0.0628005 -0.609488 -2.60137 -1.72393 -2.53041 0.308226 -0.0352212 -0.632851
1.05639 -0.166916 0.693964 -0.972295 0.282173 1.34281 1.29844 -0.120381 0.749834 -0.922761 0.217722 1.30131
0.849575 -1.16876 0.702516 -0.995845 -0.825408 -0.696859 0.533747 -1.497 0.621925 -1.02751 -0.857198 -0.818278
-1.4689 -0.436608 -1.91275 -0.538086 0.350644 -0.812787 -1.48872 -0.409946 -2.05161 -0.658684 0.434221 -0.875988
-0.0992615 0.630049 -1.43952 0.0812826 -0.804755 0.589446 -0.059733 0.51949 -1.45987 0.196509 -0.745059 0.630853
0.0943744 0.974697 -0.455223 0.653929 1.84035 -1.17252 0.0856205 0.733222 -0.37833 0.478794 1.86561 -1.14711
2.30425 -0.542529 -0.0600402 0.228588 -0.191187 1.23284 2.30156 -0.208941 -0.0641035 0.409369 -0.333286 1.04176
0.0573656 -1.24324 -0.824979 0.532082 1.05072 1.10415 -0.148509 -1.17301 -1.03655 0.651162 0.879357 1.003
-1.38574 -1.96928 -1.18063 -0.0471526 -0.519923 0.351198 -1.28969 -2.05636 -1.06982 -0.125213 -0.382356 0.299453
-0.794501 -1.08853 -2.19481 1.95362 0.463101 -0.579195 -0.808424 -0.866008 -2.2042 1.85197 0.40008 -0.521287
-2.04431 -1.39143 -2.76831 -0.271866 -0.275788 0.408567 -1.91625 -1.51993 -2.50867 -0.268948 -0.236048 0.362403
-2.71874 -2.98216 -1.4267 -0.189215 -0.700262 0.04641 -2.85446 -3.02497 -1.18912 -0.183878 -0.711122 -0.0363005
-1.09796 -1.57537 -0.149089 0.605507 -1.2381 -0.0383294 -1.56546 -1.5181 0.0971042 0.664533 -1.23044 0.125865
-1.38424 -2.66937 -2.89484 -0.0630905 -1.05411 -0.230497 -1.37801 -2.70627 -2.76905 -0.101774 -1.0381 -0.187324
0.278296 -1.3058 -0.413278 -0.102649 0.819857 0.207742 -0.096118 -1.40894 -0.267833 -0.0917849 0.708409 0.247551
-1.83368 -1.33293 -2.06433 -1.10735 -0.707478 0.680874 -1.42594 -1.32129 -2.03377 -1.12663 -0.642614 0.506175
0.630909 -1.08099 -1.00654 -0.278812 -0.384723 -0.018338 0.877576 -1.01605 -1.17693 -0.463653 -0.379485 0.0145151
-0.178891 -0.636885 -1.18709 0.528185 0.143268 -0.740801 -0.162591 -1.03015 -1.03584 0.459146 0.0731239 -0.751001
-1.41107 -0.26128 -1.72041 0.171474 0.0945911 -0.661497 -1.59336 -0.267702 -1.63069 0.279019 0.115952 -0.51784
-0.166138 -0.502569 -0.240203 0.231928 -0.909358 -0.426677 -0.32395 -0.604739 -0.0144579 0.328396 -0.769743 -0.408982
-1.14049 -0.987056 -0.533688 -0.164238 -1.0597 -0.786388 -0.951453 -1.00677 -0.749358 -0.109591 -1.06018 -0.757902
-0.824763 -1.89388 -1.71082 0.816989 0.867658 -0.415565 -0.663925 -1.78658 -1.60781 0.842128 0.884467 -0.341776
2.04427 -1.37021 1.05888 1.07124 -1.27413 -0.213368 1.76475 -1.40888 1.15898 0.96927 -1.29884 -0.229543
0.0494833 0.00417925 0.366956 -0.447984 -0.531605 -0.339158 -0.0340889 0.171641 0.190729 -0.481287 -0.555402 -0.306822
1.0274 0.127678 1.1696 0.441833 0.952042 0.668098 1.08388 0.113221 1.03684 0.163604 1.03794 0.597595
-1.77375 -2.082 -3.46084 0.367689 0.383839 0.240998 -2.04699 -1.93097 -3.21653 0.377497 0.292837 0.37017
0.346393 -1.07833 -1.1913 0.415519 0.430485 0.590193 0.442198 -1.10909 -1.27942 0.459138 0.416207 0.317097
-2.66665 -2.14107 -2.77451 -0.763349 -0.145508 -1.62157 -2.81533 -2.23647 -2.74918 -0.591999 -0.146316 -1.67658
0.0723325 -2.09027 -0.0417105 0.922157 0.957363 0.544835 0.217412 -2.06924 0.047679 0.904853 0.964094 0.348357
0.0194002 -0.306998 -0.884269 -0.433907 -0.226786 0.806246 -0.0583944 -0.197568 -0.853502 -0.268669 -0.207171 0.881415
-1.23266 -2.83973 -2.9278 -0.0180564 0.308966 -0.371443 -1.12629 -2.60115 -3.03925 -0.00383159 0.299181 -0.398903
0.820885 0.00324913 1.5955 0.16998 -0.658777 0.547032 0.941465 0.0329812 1.53657 0.226405 -0.699461 0.618613
-0.89008 -2.06152 -0.641084 0.0748337 -0.0700076 0.26094 -0.743863 -2.179 -0.781686 -0.0229056 -0.0920687 0.319075
-2.46341 -0.703819 -0.7667 -0.128491 -0.464226 -0.903814 -2.38877 -0.608036 -1.1332 -0.0166562 -0.370546 -0.757979
-0.134254 -1.82229 -0.653457 -1.95855 -0.318722 0.461177 -0.356379 -1.84645 -0.639156 -1.86595 -0.288369 0.46011
-0.221551 -0.656286 -1.2496 0.220232 0.264356 -0.747505 -0.373957 -1.10962 -1.19423 0.082971 0.239671 -0.691432
-1.74507 0.285238 -0.651374 0.659299 -0.28239 -0.971475 -1.88777 0.650392 -0.505712 0.80614 -0.385277 -1.01844
-0.654283 -2.36883 -0.122094 -0.45382 -0.33148 1.19549 -0.709472 -2.29914 -0.0649202 -0.518947 -0.275205 1.23264
1.80976 1.60249 0.0627035 -0.329029 0.524318 0.631948 1.81698 1.39415 -0.235857 -0.355825 0.418459 0.66963
-2.80714 0.000121596 -1.52381 -1.46445 -0.116992 0.0898753 -2.63458 -0.130653 -1.26521 -1.30287 -0.0989414 0.0879885
0.615798 -0.552868 -0.222315 0.35199 -1.36157 0.572202 0.557703 -0.601088 -0.079889 0.314708 -1.39693 0.482904
-1.74631 -2.99952 -1.29619 0.93667 -1.30746 0.406206 -1.96699 -2.80348 -1.17358 1.0091 -1.25267 0.354634
-0.827375 0.560664 0.0936143 0.431892 0.478674 -0.150422 -0.822441 0.666191 0.117022 0.398445 0.486946 -0.108454
1.13476 -0.193288 0.379363 0.629527 0.532648 0.345545 1.04203 -0.389404 0.264741 0.448504 0.570644 0.461903
1.10076 1.73773 1.51038 0.636108 0.076891 0.589983 1.18477 1.61588 1.68905 0.745512 0.0793474 0.518569
-1.73686 -0.485425 -2.66044 0.312873 -0.534276 -1.24978 -1.77316 -0.409824 -2.45924 0.429731 -0.659248 -1.21871
0.488506 -2.42864 -0.227731 0.841053 0.691789 -0.710736 0.406084 -2.73402 -0.158982 0.687065 0.522828 -0.756361
-1.76241 -3.1445 -1.74891 -0.206064 -0.51134 0.84266 -1.62546 -3.13236 -2.04267 -0.237514 -0.499884 0.808041
-1.44986 -2.44952 -1.42623 0.17386 0.204068 -0.304109 -1.44379 -2.2461 -1.26773 0.152276 0.220186 -0.287656
0.398007 0.478841 1.00453 0.530536 0.557716 -0.29621 0.404533 0.194918 1.08189 0.446622 0.574847 -0.252639
-0.616726 0.754831 0.14494 -0.12966 1.23983 0.795434 -0.374152 0.474783 -0.0829024 -0.193934 1.1052 0.756554
1.26387 -0.877655 0.461478 0.532258 -0.906198 1.14562 1.25306 -0.6608 0.562069 0.499848 -0.802925 0.98417
-1.57872 -1.8606 -0.875426 0.668916 0.92837 -0.249986 -1.59519 -1.79796 -1.23062 0.692791 0.903714 -0.337932
-0.0572001 -0.709187 0.0580419 0.729029 -0.77529 -0.765056 -0.151685 -0.688537 0.351844 0.749828 -0.739345 -0.68405
-0.913772 -0.552553 -0.0865986 1.08127 -0.626218 0.398149 -0.840745 -0.370345 0.220635 1.10192 -0.560139 0.466274
-1.5521 -0.77065 -2.08946 0.130937 0.419585 -0.700385 -1.51884 -0.906946 -2.12731 0.120895 0.422094 -0.585529
-1.1987 -2.35341 -0.317102 0.413326 0.532085 0.14671 -1.30435 -2.10429 -0.1139 0.39061 0.494019 0.182353
-1.80362 -1.03353 0.600632 0.428636 -0.120776 0.0357855 -1.6994 -0.766002 0.565384 0.484505 -0.196173 0.223042
-0.917958 0.355939 -1.63638 0.313191 -0.0776451 -0.208 -0.707762 0.559423 -1.50407 0.331043 -0.0198103 0.02649
-1.44444 -2.34984 -1.3429 -0.242148 -0.175478 -0.791088 -1.28638 -2.28401 -1.09219 -0.22223 -0.185774 -0.868641
-0.399637 0.543123 -0.709737 -0.976022 0.290871 -0.473926 -0.407534 0.328657 -0.483917 -1.01642 0.34978 -0.382601
0.163544 -1.02056 0.323511 1.32309 -0.483294 0.180426 0.167391 -0.975113 0.315669 1.27888 -0.469725 0.13029
-1.67573 -0.468004 0.273955 1.17963 -0.707883 -0.0524242 -1.83447 -0.785757 0.399861 1.03882 -0.542169 0.0413792
-2.2791 -0.197635 -1.22335 0.322744 0.104351 -0.770876 -2.14208 0.0929001 -1.31761 0.527508 0.0373289 -0.848479
-0.102667 -0.367899 -1.83608 0.328216 0.399276 -0.0906866 -0.173699 -0.262029 -1.60297 0.270688 0.433544 -0.0834496
-1.9245 1.41574 -1.22217 -0.420656 0.437295 -0.460324 -1.78608 1.43874 -1.24038 -0.293668 0.612622 -0.311567
-0.64808 -2.36203 -1.55992 -0.81021 -1.00287 0.460582 -0.650776 -2.38559 -1.37873 -0.739953 -0.97627 0.605776
-3.08024 -2.73115 -2.94405 -0.341519 -0.362229 -0.391778 -2.97653 -2.75484 -2.73076 -0.257632 -0.257973 -0.392563
-0.728797 -0.644886 -0.558622 -0.472579 0.647332 0.505743 -0.792614 -0.702419 -0.397955 -0.569466 0.712254 0.427031
1.57318 -0.0594104 0.377411 -0.528299 -0.0556339 1.02901 1.90733 0.0145011 -0.0796641 -0.532787 -0.00916869 0.966459
-0.27711 0.439582 -0.536515 0.043538 -0.294119 0.270406 -0.17595 0.672751 -0.876857 0.153093 -0.26701 0.239984
2.20432 2.22223 3.07134 -0.886196 -0.212598 0.775087 2.41428 2.42379 3.29857 -0.869493 -0.288722 0.781607
0.484343 1.06834 -0.14019 -0.290926 -0.577205 -0.0543158 0.252351 1.61612 -0.237544 -0.110472 -0.614013 0.0118655
0.367615 -0.196937 -1.88242 -0.914055 -0.143113 0.272999 0.460072 -0.342519 -1.64451 -0.843795 -0.232631 0.281069
-2.80956 -2.40664 -1.53795 0.634552 0.536648 -0.624004 -2.72201 -2.01733 -1.49079 0.745544 0.580356 -0.599629
1.81583 0.590807 -0.466582 0.024603 1.67078 1.44602 1.90375 0.741477 -0.445435 0.0169897 1.49123 1.33747
-0.728187 -1.48863 -0.969436 0.0477281 0.582201 -0.0805339 -0.405751 -1.67334 -0.909696 -0.0262952 0.434887 -0.14059
-2.62252 -1.38379 -1.95982 0.549006 -0.00397683 -0.0512161 -2.69095 -1.33745 -1.90016 0.468145 0.00813546 -0.165141
-0.795232 -0.0868035 -0.863512 -0.148013 -0.196341 -0.335327 -0.817294 -0.157668 -0.896064 -0.151141 -0.129682 -0.241317
0.760026 0.608448 1.06838 -0.365425 -0.138945 -0.00835911 0.712081 0.675396 0.914374 -0.287917 -0.11106 -0.0794746
0.479344 -0.851742 -0.345143 -0.110024 0.284118 0.347582 0.422142 -0.496392 -0.0913236 -0.159522 0.374359 0.36007
-0.925124 -0.951976 -1.0596 -0.47604 0.664944 0.264234 -0.924509 -0.838443 -0.84938 -0.4876 0.54648 0.349423
-0.0192765 -0.216099 -1.17513 -0.0813269 -0.30328 -0.34538 0.232387 -0.179697 -1.23217 -0.0438625 -0.264198 -0.434171
-2.5291 -1.07021 -1.82667 0.159873 0.0910838 0.0986177 -2.53393 -1.27785 -1.92161 0.0985125 0.0254635 0.141876
1.77973 -0.534983 -0.432383 -0.489387 0.341943 0.568189 1.84707 -0.607686 -0.195735 -0.395939 0.323662 0.567356
-1.2719 0.240647 -0.148549 0.16807 0.0699971 -0.394068 -1.18578 0.31726 -0.129348 0.191708 0.0501569 -0.323446
-0.249655 -0.241119 -0.338265 0.0820387 -0.547682 -0.339773 -0.040103 -0.302006 -0.70014 0.037111 -0.642099 -0.41694
-0.531542 0.824086 -0.154177 0.749436 -0.427723 0.774831 -0.297966 0.840514 -0.433764 0.694442 -0.406867 0.673802
-2.38602 -2.41741 -1.7652 0.6275 -0.837024 -0.541359 -2.34897 -2.34689 -1.87549 0.465581 -0.907762 -0.467812
-1.44956 -1.40031 -3.65123 -0.759387 0.40441 -0.197935 -1.34774 -1.28367 -3.8982 -0.742975 0.318757 -0.186213
-0.905555 -0.312554 -0.778907 -0.0921189 -0.218824 0.416697 -1.02082 -0.387007 -0.78397 -0.089556 -0.166616 0.27128
-0.165159 -0.611926 -0.721101 0.307576 0.189221 -0.271664 0.0267351 -0.991164 -0.552466 0.314676 0.244276 -0.271118
-1.25556 -2.02421 -1.06496 -0.204886 0.0262702 -0.408815 -0.834377 -2.23381 -0.977951 -0.365078 0.061793 -0.329175
-2.65028 -1.79675 -2.32591 -0.314068 -1.08376 0.138615 -2.7083 -1.65151 -2.31109 -0.336588 -1.29076 0.117292
-0.563853 -0.166501 -1.45247 -0.00803294 -0.293538 -0.215118 -0.48258 -0.305481 -1.58497 -0.0358671 -0.367159 -0.292961
0.333429 -0.17985 -0.775183 1.1153 -0.0978034 0.398203 0.123636 -0.0275467 -1.04046 0.905111 -0.209036 0.345405
0.271262 0.734702 1.62858 -0.157562 -0.313538 -0.141691 0.227191 0.897275 1.66895 -0.103247 -0.321284 -0.0991415
-0.933622 -1.7601 -1.43753 -1.23308 -0.836228 -0.132371 -0.999951 -1.93602 -1.38311 -1.27573 -0.733998 -0.0438048
-0.938198 -1.05279 -2.23912 -0.783394 -0.7313 0.377549 -1.12418 -1.18713 -2.00673 -0.691013 -0.75472 0.472743
0.117194 0.0985231 1.67022 1.12519 -0.811446 -0.0116406 0.334928 -0.116826 1.56126 0.911417 -0.849863 0.028716
0.640639 -0.219574 0.262709 -0.0313805 -0.421153 0.477523 0.640574 -0.0693947 0.32966 -0.0571238 -0.432115 0.479078
1.57767 0.168572 1.18353 0.175971 -0.0858698 0.640749 1.5442 0.228088 0.957211 0.0582121 -0.0332399 0.689958
1.34826 -0.449688 0.76509 0.645172 -0.691476 -0.281209 1.32805 -0.613926 0.663655 0.608568 -0.51209 -0.260993
0.296378 1.26954 -0.76658 0.742451 0.376795 -0.017106 0.279401 1.23642 -0.69512 0.685299 0.479227 0.0346856
0.728656 -1.50526 -1.13372 0.0361438 -0.188836 -0.207335 0.686534 -1.7832 -0.820968 -0.011851 -0.131459 -0.0913053
-1.00764 0.39473 -0.181909 0.434274 -0.855252 0.371434 -1.19639 0.574632 -0.229496 0.251538 -0.896565 0.347753
-1.02993 -0.938919 -0.562119 -0.342705 0.239368 -0.230893 -1.12873 -0.728908 -0.860812 -0.453789 0.16634 -0.159793
0.250314 -0.0588398 -1.98631 0.288307 0.532826 1.01412 0.506961 0.06879 -1.88032 0.368692 0.387013 0.92716
0.390855 -0.639138 0.512431 -0.519835 -0.295523 0.677078 0.225875 -0.887324 0.114374 -0.513195 -0.304994 0.503248
-0.726443 0.412442 0.578668 0.513042 0.888445 -0.673552 -0.786199 0.170718 0.742516 0.561501 0.809665 -0.674082
-0.428857 0.752909 0.185388 0.391102 -0.0900676 0.217359 -0.520124 1.20988 0.000445473 0.615672 -0.153968 0.103525
0.320309 0.647762 0.117342 0.0180604 0.843569 0.522176 0.429722 0.411776 -0.153667 0.140116 0.817419 0.568191
0.18808 -1.85166 -0.809297 -0.00650947 -0.531921 0.373353 0.525941 -1.66178 -0.831153 -0.151032 -0.488414 0.507825
-1.13061 -1.36634 -1.54304 0.0378512 -0.132543 -0.257956 -0.936387 -1.25303 -1.38724 0.00763105 -0.0824686 -0.188826
-1.45422 -1.63711 -1.12573 -0.0535504 -0.71671 0.646982 -1.37659 -1.53682 -1.1366 -0.0379974 -0.569041 0.685593
-1.69566 -1.1657 -0.330002 -0.456735 0.384385 0.0760687 -1.67724 -1.01065 0.117103 -0.317848 0.45954 0.025365
0.241544 0.767853 1.23332 0.430675 0.844295 0.598664 0.451513 1.04681 1.37786 0.555369 0.819596 0.715465
-1.11904 -0.25732 -1.99605 1.12935 -0.280371 -0.295203 -1.25442 -0.0157713 -2.0314 1.29992 -0.249405 -0.252799
0.695101 1.12897 0.988014 0.782085 1.18125 0.514291 0.640207 0.915557 0.940111 0.892057 1.04001 0.429275
0.257297 0.766951 0.200815 0.24971 0.173468 0.683876 0.22983 1.02324 -0.0715218 0.373731 0.29857 0.580484
-0.325144 -0.486736 -1.00031 0.30563 -0.0246144 -0.101024 -0.566094 -0.556337 -0.971072 0.366749 0.0166121 -0.126458
1.21259 0.932533 0.663774 0.819722 0.844119 0.440375 1.28325 0.938937 0.770474 0.900707 0.77307 0.328112
0.100376 -2.1083 1.07542 -0.0391729 -0.651391 -0.552894 -0.0317161 -2.01237 1.33992 0.0678522 -0.594227 -0.399527
-1.05156 -0.843857 -0.325225 -0.383248 -0.965862 -0.50316 -0.959478 -0.900014 -0.527362 -0.265264 -0.986655 -0.463685
-0.930318 -0.918344 -2.96963 0.424429 0.279558 -0.596127 -0.783624 -0.899368 -3.00158 0.481291 0.248707 -0.485446
-1.28192 -0.213736 -1.43808 1.03829 0.492778 0.118756 -1.19373 -0.367968 -1.12428 0.896427 0.467596 -0.0241611
-2.02599 -2.59101 -1.97424 -1.04439 0.0739244 -0.148291 -2.12066 -2.67252 -1.90876 -1.12591 0.225041 -0.143288
-1.84532 0.276182 -0.981447 0.258889 -0.243778 -0.230157 -1.54455 0.273064 -0.940421 0.308768 -0.222777 -0.154859
-0.367991 0.410462 0.0098704 -0.320122 -0.0215597 -0.632722 -0.43143 0.513153 0.164152 -0.437207 -0.0760284 -0.499714
0.52108 -0.797961 -1.10662 -1.16348 -0.471722 -0.844599 0.242259 -0.81352 -0.950221 -1.11824 -0.445185 -0.789117
-1.76451 -4.01867 -2.95481 -0.64611 -0.380721 0.702221 -1.46864 -3.82962 -3.0265 -0.592994 -0.300288 0.717546
-1.71623 -1.23776 -1.04737 -0.471339 0.653325 0.0302779 -2.01984 -0.983681 -0.910323 -0.438004 0.63211 0.115471
-1.69189 -1.65677 -0.74087 -0.62928 -0.472057 -0.170325 -2.20126 -1.69697 -0.834208 -0.570127 -0.358888 -0.155833
-1.78307 -0.926255 -0.0235042 0.0643937 0.704555 0.0604483 -1.66886 -0.670837 -0.0292489 0.0856231 0.791747 0.127372
-0.696046 -2.61164 0.868076 0.963183 1.16782 -0.106308 -0.827658 -2.6859 0.567083 0.994852 1.06651 -0.110032
-0.575419 0.459177 -0.203183 0.357004 -0.163374 0.348508 -0.333853 0.503926 -0.439337 0.373707 -0.248568 0.24409
-2.20865 -1.95159 -1.49078 -0.26472 -0.15982 -1.43482 -1.96732 -1.87446 -1.38777 -0.113597 -0.25827 -1.34567
1.64066 0.836754 0.294774 0.754688 -0.107947 -0.193102 1.61811 0.734984 0.491189 0.71399 -0.139599 -0.266406
0.0932181 -0.420679 -0.438785 -0.485345 -0.530016 0.275236 0.226701 -0.222301 -0.512065 -0.406356 -0.519139 0.341669
-1.32259 0.972693 0.950577 -0.0139114 0.157112 -0.545113 -1.16762 1.02765 0.490949 -0.239803 0.241663 -0.548268
1.21787 -0.506119 0.493773 0.357134 -0.99745 -0.442358 1.07452 -0.397488 0.594802 0.300547 -0.918485 -0.482265
-2.42769 -0.267471 -1.04981 -1.03661 0.4693 -0.547727 -2.47308 -0.189073 -0.998454 -1.08052 0.423236 -0.473357
-2.0404 -1.55737 -2.05832 0.872332 0.354037 -1.17807 -1.88647 -1.63781 -2.22446 0.734092 0.335808 -1.2018
-3.07007 -1.36573 -1.28169 0.430481 0.223251 0.590877 -3.14696 -1.36896 -1.3332 0.364915 0.281078 0.603568
-2.8812 -1.37479 -2.1462 -0.763827 0.307478 -0.51854 -3.19416 -1.36769 -2.37225 -0.604329 0.395311 -0.511924
-0.0683186 -1.27915 0.846655 -0.104235 -0.0962715 0.424274 -0.187304 -1.2758 1.05203 -0.0507533 -0.174886 0.463321
-2.29684 -2.50131 -2.30939 0.0824607 -1.37454 0.421622 -2.38821 -2.38925 -2.34988 0.0816021 -1.23379 0.429605
-1.56623 0.374269 -0.602903 -0.305408 0.0427327 -0.679163 -1.42539 0.220009 -0.960653 -0.344485 0.17439 -0.775386
-1.02808 1.31372 0.620535 0.366942 0.438534 0.00132641 -1.11253 0.956968 0.789776 0.391702 0.414475 0.0141113
-0.530496 -0.729908 0.802593 0.348748 0.148336 0.34272 -0.791653 -0.832864 1.05148 0.390051 -0.00656742 0.566637
-1.1671 -1.73454 -0.221676 0.359135 -0.670795 -1.14641 -0.915479 -1.96883 -0.153264 0.424352 -0.573465 -1.1601
0.188015 -0.288343 -2.46258 -0.676855 -0.695752 0.0133095 0.229693 -0.137271 -2.36605 -0.620227 -0.627478 0.0589632
-0.992116 -1.45184 -1.50846 -0.368128 0.140228 -0.989106 -0.746316 -1.61481 -1.44906 -0.3924 0.0855497 -0.915124
0.0249995 -0.576287 -0.493665 -0.457344 -0.0807813 -0.329524 -0.0522309 -0.462375 -0.487362 -0.419718 -0.0319673 -0.362178
-0.460155 0.522099 1.38465 0.0822553 -0.502635 -0.0642085 -0.560213 0.542098 1.50346 0.054174 -0.469213 -0.010063
-1.45445 -1.97344 -2.09522 -0.578411 0.341907 -0.630134 -1.38859 -2.11863 -1.9189 -0.48766 0.405259 -0.550842
-0.283137 0.0161729 0.596923 0.638746 0.324251 0.586832 -0.331792 -0.263885 0.647723 0.690424 0.359747 0.601615
0.336479 1.2286 -0.374259 -0.202652 -0.222537 0.173002 0.445878 1.08541 -0.282109 -0.239306 -0.157555 0.026729
-0.859994 -1.55024 -0.514953 -0.609871 -0.0696085 0.485927 -0.791697 -1.68921 -0.401114 -0.520778 -0.101778 0.390229
-1.86566 -1.05242 -1.0371 -0.789741 0.22477 -1.06312 -1.55583 -1.05791 -1.30922 -0.968392 0.0476756 -1.25018
-1.08467 -1.70516 -1.28018 0.45004 0.00433698 0.439836 -1.24127 -1.50532 -1.34143 0.423813 0.033456 0.431596
0.235294 -0.999253 1.62661 -0.721206 0.536962 0.408011 0.114462 -1.27109 1.89022 -0.619887 0.329986 0.352382
-0.0982149 1.41013 -0.911465 -1.0563 -0.420673 -0.086384 -0.0768464 1.49807 -0.735351 -1.00757 -0.507918 -0.00193364
-0.553322 0.208398 0.286801 -0.139421 0.666683 0.646718 -0.402875 0.203014 0.0989267 -0.151502 0.575969 0.639558
-2.36343 -2.17501 -0.559639 -0.398843 0.0462356 -0.478626 -2.24222 -2.09925 -0.967696 -0.340173 0.171475 -0.378416
0.426219 0.0644199 -0.682208 -0.218937 0.0680369 0.420545 0.571661 0.19419 -0.749432 -0.212952 0.0158977 0.348941
2.17459 0.17502 -1.31455 0.26423 1.47797 0.461945 1.82131 0.62717 -1.43095 0.209764 1.39765 0.384297
-1.83182 -0.695336 -1.73235 -0.943959 0.579846 -0.200781 -1.74461 -0.669107 -1.71988 -0.880811 0.600211 -0.129864
0.469167 -0.771553 -0.0167802 -0.914752 0.159053 -0.448313 0.46032 -0.893978 -0.185155 -0.906078 0.209935 -0.606439
-0.854327 -1.08038 -1.23048 1.38522 -0.506531 0.620086 -0.943442 -0.950094 -1.33417 1.37489 -0.39295 0.452912
-2.74009 -1.38659 -2.59231 -1.25057 -0.551064 0.283779 -2.74519 -1.35735 -2.64987 -1.35939 -0.598896 0.250625
-1.4692 -1.90909 -0.471162 1.07871 0.691867 -0.0289654 -1.66906 -1.82534 -0.313483 1.04798 0.661719 0.030283
-3.17366 -3.67431 -1.94198 0.642739 0.546906 0.270863 -3.10589 -3.62205 -2.09163 0.710087 0.580099 0.249803
-0.508609 -0.154021 0.339137 -0.667684 -0.38182 0.202602 -0.766902 -0.191743 0.645136 -0.649707 -0.321899 0.335782
-1.12464 -1.17978 -1.85951 -0.850971 0.0446697 0.300022 -1.00809 -1.15728 -1.81039 -0.706771 0.124532 0.261835
0.460564 0.628547 1.92836 0.655557 0.700983 -0.129831 0.414855 0.501442 2.05484 0.701919 0.575475 -0.112508
-1.8211 -2.89662 -1.36683 0.235852 1.38827 0.74284 -1.66847 -2.72736 -1.36501 0.305339 1.36386 0.672767
-2.74959 -0.158311 -0.096049 -0.197988 0.577476 -1.16117 -3.14068 -0.477587 -0.16339 -0.153927 0.557954 -1.22653
-2.29976 -2.14799 -1.76706 1.98814 -0.815334 -0.238142 -2.04009 -1.96732 -1.99747 2.03154 -0.641754 -0.161138
-0.494825 -2.28915 -3.67738 -0.199965 0.141069 0.197676 -0.818371 -2.28808 -3.42032 -0.0953341 0.0357793 0.112108
-1.08413 0.741553 -0.810939 -0.506854 0.469784 -0.693462 -1.09045 0.928262 -0.702752 -0.53004 0.457979 -0.607457
-1.06223 -1.92275 -0.958856 -0.699101 -0.758151 0.0836165 -0.885403 -1.89102 -1.08394 -0.587408 -0.674781 -0.0654399
1.83422 2.30039 0.281102 -0.428886 -0.160604 0.627879 1.61441 2.14008 0.213434 -0.352559 -0.137199 0.766454
-0.126007 -0.316983 -1.35526 -0.57979 0.478781 0.143729 -0.104615 -0.152558 -1.40836 -0.681867 0.440568 0.213057
-0.0946766 0.653232 -0.765416 0.995651 0.531439 0.280563 -0.0914983 0.54847 -0.743098 0.923677 0.475476 0.306625
-2.0447 -1.48153 -3.05788 -1.13222 0.0698581 -0.403481 -1.81581 -1.49162 -2.87648 -1.21521 0.182791 -0.267616
0.925981 0.861889 0.859277 0.596964 -0.608797 0.501462 0.951664 0.799298 0.867127 0.411482 -0.690636 0.449583
-0.506959 0.0960453 0.403361 0.681064 -0.410076 -0.0609213 -0.374679 -0.258095 0.483482 0.702868 -0.401369 -0.137605
-0.72251 -0.97574 0.88089 -0.472472 -0.0826822 0.0138825 -0.664593 -0.95884 0.829277 -0.498286 -0.163399 0.0934341
0.60605 0.568692 0.190503 -1.14374 0.162174 0.149507 0.628237 0.719086 0.230454 -0.995379 0.145014 0.197108
-2.4198 -3.59366 -2.69829 0.334646 0.364209 -0.285687 -2.52151 -3.33963 -2.56407 0.238882 0.447104 -0.314337
0.276251 -1.30489 -1.24864 -0.521058 -0.597859 0.28142 0.70461 -1.24748 -1.61595 -0.468431 -0.500473 0.310008
0.0386479 -0.800565 -0.672795 1.79462 0.23102 0.624538 0.373271 -1.28477 -0.613343 1.64606 0.255567 0.553173
-1.40318 -1.41987 -1.02419 0.0453494 -0.422472 -0.56658 -1.32813 -1.40359 -0.813703 -0.0472531 -0.378055 -0.544109
-0.321049 -0.597012 -0.763452 0.0903362 0.244206 -0.475096 -0.343208 -0.701595 -0.890233 0.164942 0.221273 -0.519516
0.120738 -1.51396 -1.60302 -0.144916 0.16911 0.248907 0.123229 -1.48313 -1.61598 -0.158858 0.147064 0.288884
-0.973203 -0.200783 -2.12294 -0.56564 -0.0451889 -0.131097 -1.09361 -0.326543 -1.80141 -0.4864 -0.0110008 -0.252609
1.18906 -0.0438757 -0.885841 -0.383993 0.358298 1.32559 1.48485 -0.215136 -1.17826 -0.337496 0.468601 1.32338
-2.53819 0.565613 0.518933 0.477782 -0.305698 -0.46053 -2.55929 0.453832 -0.00878171 0.452513 -0.388688 -0.361877
-0.689111 -1.1108 -1.96488 -0.740144 1.19986 -0.0376753 -0.669035 -1.22323 -1.97304 -0.595382 1.23294 -0.00940307
0.108509 -0.151883 -1.34151 -0.322006 0.618219 1.89413 0.152976 -0.146304 -1.67703 -0.199828 0.780737 1.91027
0.942901 -1.45017 -0.819507 -2.53564 0.30046 0.157901 0.992741 -1.29183 -1.02517 -2.27974 0.213477 -0.0366193
-0.0179077 1.83273 2.53328 0.792785 1.34236 -0.768751 0.237264 2.05085 2.73356 0.732565 1.26906 -0.808182
0.940668 0.695153 -0.695139 0.144365 0.237782 0.589856 0.751336 0.649222 -0.767893 0.00186036 0.229029 0.505013
-0.916286 -2.06349 -2.1362 -0.360209 0.754778 0.577657 -0.995977 -2.19785 -2.18211 -0.234812 0.706253 0.702708
-0.000546807 -0.576649 1.21952 -0.368236 0.122312 0.076869 0.0518239 -0.321757 1.259 -0.28585 0.143405 0.144974
-1.25383 -0.943217 0.212083 0.552246 0.182571 -0.0746186 -1.25489 -0.85551 0.118612 0.627994 0.0333651 -0.0925303
-0.957585 0.10268 -0.325184 0.184489 -0.112799 -0.0998051 -0.784512 -0.261672 -0.206579 0.200828 -0.010928 -0.161846
-1.6063 -0.442728 -1.10202 0.482946 0.0205564 -1.02036 -1.35542 -0.435235 -1.27321 0.480308 0.00616028 -1.01301
-0.734011 -0.697738 -0.833411 -0.997129 0.243488 -0.0575065 -0.561829 -0.718185 -0.760331 -0.992112 0.225784 -0.0840685
0.496674 -0.114927 0.383788 0.515072 -0.390889 -0.235405 0.199488 0.0985507 -0.00306155 0.492831 -0.388841 -0.340113
-1.50559 -2.01601 -2.38072 -0.450258 -0.647685 0.344932 -1.45482 -1.72142 -2.61671 -0.405168 -0.632824 0.172861
0.530008 -0.0858124 -0.0303174 -0.673222 0.230645 -0.29936 0.665873 -0.0805689 -0.23758 -0.713353 0.249141 -0.375428
0.36783 -0.19105 0.524183 0.195788 -0.0417714 0.333555 0.388681 -0.435023 0.687835 0.120208 -0.105431 0.271221
-1.46637 -1.05356 -0.629659 -0.822777 -0.132724 -0.241919 -1.51821 -0.966365 -0.867151 -0.935614 -0.13882 -0.32335
-1.34173 1.05002 0.624166 0.0589234 0.15739 -0.841855 -1.25621 0.820478 0.47077 0.0478337 0.190642 -0.868777
0.361014 -0.336513 0.765042 -0.74318 0.479413 1.00488 0.349485 -0.397173 0.801249 -0.776642 0.409084 0.890093
0.440423 0.79156 0.762628 0.0215712 -0.0569365 0.614379 0.544714 0.950584 0.757195 0.245773 -0.0444734 0.48583
1.18506 1.45401 1.96713 -1.16463 0.18275 -0.477112 1.26599 1.54762 1.90594 -1.20738 0.319782 -0.440451
-0.891761 -1.31403 -1.43133 1.06079 0.792152 0.522581 -0.78983 -1.29186 -1.57353 1.25309 0.778479 0.444653
-2.13646 -2.42725 -1.66558 -0.370958 -0.270457 -0.417109 -2.04679 -2.54111 -1.57577 -0.438727 -0.147059 -0.296988
0.95886 0.328045 -0.132723 0.495034 0.145359 -0.327076 0.862427 0.308385 -0.173356 0.42409 0.0731148 -0.391119
-1.29252 -1.13053 -1.16083 0.252743 -0.625459 -0.403408 -1.2767 -1.366 -0.947271 0.330731 -0.507546 -0.385386
-1.91766 -1.28928 0.00563193 -0.321718 -1.00141 -0.911983 -1.9738 -1.09499 0.0525045 -0.407526 -1.06769 -0.863384
-0.0144488 -1.40901 -0.319037 -0.875337 0.0119868 -0.175232 -0.149883 -1.30356 -0.22802 -0.874426 -0.050691 -0.164461
-0.699069 -1.60958 -2.80229 -0.332873 -0.298247 0.112785 -0.408896 -1.7391 -2.56543 -0.25332 -0.299917 0.117658
-0.618422 1.22783 0.690773 -0.394788 -0.0315346 0.0415773 -0.707249 1.12191 0.660777 -0.450462 -0.00486435 0.179096
1.8824 0.826314 -1.18979 -0.942725 0.495722 -0.113781 2.22314 0.662839 -1.22989 -0.914301 0.334443 -0.125572
-1.85664 -2.31573 -2.90524 0.12313 -0.528025 -1.18724 -2.05152 -2.82329 -3.15811 0.120871 -0.450034 -1.21953
0.574317 0.929064 -0.307763 0.991233 0.769868 -0.170949 0.401204 1.07751 -0.41541 1.02393 0.726636 -0.278536
-1.70019 -0.158345 -1.30436 0.237668 0.373141 -0.804811 -1.58425 -0.193211 -1.37582 0.0686855 0.290841 -0.870365
1.27677 0.733732 0.211665 -0.12084 0.740701 0.84346 1.07211 0.568644 0.0740849 -0.165673 0.775167 0.706211
-2.18588 -1.89079 -1.71075 0.165437 0.00590508 -0.351399 -2.21894 -1.66373 -1.75311 0.0966557 0.140303 -0.342832
-2.08362 -0.85481 -1.26929 0.0728321 0.549975 0.122229 -1.83282 -1.05123 -1.21648 0.10933 0.49372 0.0168317
1.49868 1.84036 0.571905 -0.0565803 -0.897095 0.754582 1.4165 1.79559 0.421799 -0.0978632 -0.823212 0.657447
2.33902 1.44113 0.503088 0.830843 1.21153 0.482996 2.41099 1.43739 0.190016 0.722257 1.2176 0.367734
-1.58031 -2.21968 0.14143 -0.706098 0.0450059 0.00134892 -1.49214 -2.23959 -0.146261 -0.822644 0.0149616 -0.085612
0.38385 -0.0640953 -0.660458 0.0675125 -0.416487 -0.150892 0.366534 -0.180904 -1.06185 0.193312 -0.34247 -0.321296
-0.850845 -0.713669 0.881864 0.136523 -1.12165 -0.405703 -0.712569 -0.805003 1.29437 0.223309 -0.97376 -0.451429
-3.07548 -2.70211 -1.60734 -0.747484 -0.485241 0.172611 -3.31452 -2.56007 -1.72072 -0.653997 -0.375791 0.23893
-0.193221 -0.62765 -0.108959 0.142366 -0.0517134 -0.350629 0.00583439 -0.926207 -0.301253 0.0410513 -0.0912763 -0.280236
-0.454937 1.68954 -0.59491 -1.73485 -0.916746 -0.129221 -0.268366 1.76676 -0.527578 -1.7526 -0.857062 -0.180847
-0.914739 -0.409438 -0.168654 0.0995947 -0.179563 0.913839 -0.773218 -0.545078 -0.398573 -0.0227406 -0.304413 0.848925
0.929406 -1.42051 0.00427407 0.00609027 -0.449064 0.510319 0.750478 -1.32701 -0.155196 -0.0447026 -0.59962 0.473861
1.52921 1.10337 2.38114 0.580039 0.0280881 0.573267 1.64424 1.07217 2.28411 0.488265 -0.0967682 0.441566
-1.4455 -1.42828 -1.61485 -1.30759 -0.431459 0.00602852 -1.65182 -1.42565 -1.65802 -1.18667 -0.319399 0.0244217
-0.876501 -3.05514 -0.574042 -0.480431 -1.21897 0.406497 -0.781255 -2.98866 -0.632682 -0.558083 -1.18221 0.452652
-1.53459 -2.77732 -0.96743 -0.367797 0.964536 -0.0645413 -1.91291 -2.52683 -1.03738 -0.286817 0.875798 -0.122723
-1.29107 0.155832 0.236896 0.519091 0.710079 -0.591382 -1.35662 -0.00201908 0.454789 0.43809 0.528542 -0.672164
-0.232947 -0.447167 -0.789193 -0.40348 0.575986 -0.33991 -0.285095 -0.328452 -0.926989 -0.441028 0.635625 -0.343966
-2.90538 -0.400166 -1.44965 -0.660379 0.107117 -0.804585 -2.83511 -0.760556 -1.264 -0.548842 0.021295 -0.700594
-0.158935 1.89158 -0.799727 -0.333597 1.66009 -0.128668 -0.249196 1.84088 -0.713258 -0.384466 1.59808 -0.0701259
