0.0383689 0.173198 0.125138 -0.0290166 -0.0308338 -0.0363042 0.0114973 0.154791 0.132508 -0.0220008 -0.0240204 -0.017748
-0.241105 -0.251428 -0.217855 -0.00841265 0.0456231 -0.0191067 -0.261454 -0.267845 -0.239855 -0.00177667 0.0364289 -0.0196612
-0.240707 -0.200586 -0.212007 -0.014057 -0.0440015 -0.00138644 -0.247755 -0.180578 -0.209631 0.00265725 -0.0338688 -0.00401275
0.0481408 -0.0260362 0.0547835 -0.0345324 0.0419825 -0.0290502 0.0509563 -0.0255112 0.0458894 -0.0354099 0.0338962 -0.0297379
0.0143745 -0.0233981 -0.0407708 -0.0689536 -0.0228255 0.0359286 0.00513126 -0.0110863 -0.0348887 -0.0678096 -0.013409 0.0316831
-0.0349843 0.093418 -0.144663 -0.0930987 0.108316 0.0225942 -0.02275 0.0880635 -0.133105 -0.0865078 0.0878455 0.0226048
-0.0424757 -0.084786 -0.110858 -0.0182234 -0.0486805 -0.01566 -0.0252956 -0.0975771 -0.11054 -0.0221907 -0.0502313 -0.0142514
-0.068352 -0.102352 -0.150198 0.0174532 -0.0707217 0.0736098 -0.0659655 -0.106176 -0.161076 0.0127789 -0.0754111 0.072392
-0.105888 -0.0535226 -0.126738 -0.020348 -0.0217713 -0.0282589 -0.117677 -0.0736727 -0.163116 -0.00973467 -0.0273187 -0.0183335
-0.0807004 -0.0693782 -0.07923 -0.00612797 -0.0174201 -0.045074 -0.0979097 -0.0640766 -0.0950788 -0.00624511 -0.0265824 -0.0405507
-0.123733 -0.145943 -0.127571 0.0420673 0.0341184 -0.0252157 -0.114986 -0.141641 -0.104111 0.0399226 0.035921 -0.0360189
-0.0974208 -0.0672346 -0.0418618 -0.00552905 -0.0163256 -0.0153761 -0.104546 -0.0680107 -0.0348513 -0.00984733 -0.00852059 -0.0136969
0.0816075 -0.0717767 -0.0137183 -0.0078996 0.0966422 -0.0203906 0.0892322 -0.076759 -0.0178039 -0.00885067 0.091848 -0.0228914
-0.211757 -0.202106 -0.112208 0.0271378 0.0175087 0.0317791 -0.208781 -0.212108 -0.111504 0.0369064 0.0165854 0.0268967
-0.0959975 0.00550205 -0.00123675 -0.0279102 0.00648897 0.0165576 -0.0936533 -0.000444963 -0.00632289 -0.0208864 0.00817148 0.0140382
-0.0603499 -0.0817676 -0.18049 -0.0413701 0.0430126 0.0336884 -0.0655286 -0.0901435 -0.1884 -0.0275511 0.0369819 0.0400179
0.10319 0.103539 0.125853 -0.0626479 0.0361831 0.0651784 0.0950237 0.0965156 0.125045 -0.056623 0.0312022 0.0632412
-0.137949 -0.158939 -0.0546397 -0.014201 -0.0219301 -0.0547783 -0.146238 -0.152828 -0.0562922 -0.00859225 -0.020326 -0.0572828
-0.040712 0.0284499 0.0244451 -0.0250003 0.0415488 0.0139161 -0.0569439 0.0341588 0.0175382 -0.0198232 0.0430282 0.00840674
-0.13661 -0.151276 -0.128398 0.0262653 -0.0168682 -0.0293565 -0.142084 -0.156015 -0.131562 0.0325964 -0.0269684 -0.0295861
-0.132916 -0.0609108 -0.031843 -0.00898155 0.00272438 0.0665531 -0.141417 -0.0558983 -0.012284 -0.00951393 -0.00262519 0.073516
0.0766872 0.110932 0.0449085 -0.00902373 -0.0284476 0.00875174 0.057347 0.11064 0.0583403 -0.00827985 -0.0421397 0.00910496
0.059696 0.0520668 0.0768388 -0.0196713 0.00258608 0.0967355 0.0507029 0.0237155 0.0791923 -0.0151688 3.71111e-05 0.0858855
-0.118648 -0.151372 -0.225383 0.0348877 -0.0490821 0.0328778 -0.0949263 -0.152845 -0.232481 0.0292816 -0.042867 0.0269261
0.0180076 0.0442199 0.0471854 0.0145685 0.024136 0.0241243 0.014311 0.0344622 0.0495282 0.0157231 0.026035 0.0252574
0.11842 0.0657903 0.0746702 0.026259 -0.0419786 0.00684419 0.101253 0.0426778 0.0713027 0.0236743 -0.0521161 -0.00933274
-0.0277243 -0.0510531 -0.0519372 0.00466318 0.00355765 0.0119643 -0.0271647 -0.0498093 -0.0579038 -0.0031883 0.0064963 0.0105961
-0.270633 -0.182027 -0.200746 -0.117265 -0.0836174 -0.0119753 -0.259906 -0.164616 -0.207342 -0.113343 -0.0817403 -0.000369556
0.0213336 0.0827603 0.0937686 0.0116566 0.05249 0.074362 0.0117939 0.0819168 0.101666 0.00861319 0.0475022 0.068991
-0.0650238 -0.053335 -0.055397 -0.00614275 -0.0338538 -0.00671631 -0.0784255 -0.0432568 -0.0408137 0.00193822 -0.0320975 0.00239844
-0.0472983 -0.0743637 -0.0595055 -0.041286 -0.0784273 -0.0248147 -0.0523048 -0.078416 -0.0701364 -0.0357776 -0.0769119 -0.0219244
0.0200388 0.0435798 0.0761152 -0.00891796 0.00814361 0.0220349 0.039944 0.0667271 0.093253 -0.0164354 0.021554 0.0215917
-0.00382689 -0.0305884 -0.0142427 0.019056 0.00667137 -0.0454955 -0.00734844 -0.03491 -0.00167719 0.0196383 0.0060597 -0.0381839
-0.0385869 -0.0870217 -0.0563901 0.0275917 -0.0166223 -0.0409128 -0.052068 -0.0829874 -0.0586293 0.0249009 -0.0171229 -0.0501427
0.0161961 -0.0714166 -0.0209486 0.07933 0.014209 0.0180106 0.00500911 -0.0819143 -0.012154 0.0885178 0.0162745 0.00869044
0.128466 0.0975212 0.0562638 -0.00872071 -0.0258675 0.0385168 0.10908 0.0939861 0.0586211 -0.00623407 -0.020713 0.0358901
-0.104293 -0.0791491 -0.0808267 -0.0299474 0.0174025 0.034491 -0.0913099 -0.0807413 -0.0801755 -0.0360695 0.011055 0.0277621
0.00701709 0.0833393 0.00598944 0.0209334 -0.0439813 0.0259884 0.0100921 0.0614698 0.00537207 0.0234399 -0.0317801 0.0375986
0.112284 0.152793 0.0553278 0.0298133 0.00670934 -0.0229512 0.109393 0.12942 0.0515935 0.0342341 0.00991622 -0.0169717
-0.0968391 -0.0520236 -0.0902097 -0.0325757 -0.0349482 0.0198451 -0.0755088 -0.0430817 -0.0868628 -0.0310954 -0.0340524 0.023891
-0.042541 -0.0753771 -0.00736424 -0.0681141 0.10388 -0.0687506 -0.038513 -0.0886942 -0.00779563 -0.0562829 0.0984685 -0.0696318
0.0103442 0.0873959 0.0179834 0.0142876 -0.0270564 0.02622 -0.000959852 0.0788407 0.0222856 0.0277011 -0.0301961 0.0285567
-0.116984 -0.13329 -0.123264 0.0107923 -0.00841672 -0.0145827 -0.109747 -0.136919 -0.118467 -0.000782815 -0.00532415 -0.0138461
0.0659214 0.0558201 0.112565 0.0109104 -0.0403254 0.0367083 0.0514136 0.0394689 0.117679 0.0069157 -0.0450512 0.0367576
-0.175624 -0.234483 -0.109287 0.0452677 -0.0433752 -0.114879 -0.193523 -0.246457 -0.114101 0.0524547 -0.0407762 -0.105964
-0.0883111 -0.138304 -0.0738855 0.0375442 -0.0309791 0.00282571 -0.105079 -0.145664 -0.0717302 0.048237 -0.031431 0.00349363
-0.0849128 -0.165994 -0.150619 0.030188 0.0130273 0.0237555 -0.0930273 -0.171178 -0.146373 0.0269907 0.00986682 0.0305625
-0.19388 -0.180688 -0.195092 -0.0315594 -0.00679885 -0.0365257 -0.179202 -0.178586 -0.194287 -0.0344567 -0.0121302 -0.0301413
0.0185731 -0.00714497 -0.0325901 0.043517 0.00711864 0.00332395 0.0140542 -0.00591504 -0.0322807 0.048685 0.0195364 0.013464
-0.0572751 0.00593863 -0.117497 -0.0390094 -0.0793043 -0.0490136 -0.0746282 -0.00286237 -0.12784 -0.0302885 -0.0721745 -0.0469118
-0.0340824 -0.0153616 -0.0209138 -0.00696984 0.00848085 -0.00248945 -0.0555403 -0.042007 -0.0176676 -0.000984741 0.00263585 0.00502081
0.0363028 0.053296 0.0516668 -0.0558344 -0.00721912 0.0729923 0.0362638 0.0302434 0.0484172 -0.0493235 -0.00182926 0.0699641
0.183748 0.11688 0.174265 0.0616027 0.0833187 0.0289655 0.193771 0.108626 0.154682 0.0530441 0.0921009 0.0281835
0.0774115 0.106254 0.122959 0.0867903 0.0655564 0.00830931 0.0570452 0.107283 0.137682 0.0788001 0.0667418 0.00983059
0.120349 0.124005 0.139031 0.0623553 0.0234433 0.0545913 0.0932894 0.0998744 0.145426 0.0578127 0.0237555 0.0520678
0.143592 0.106254 0.0857888 0.0536042 -0.0357382 0.0631083 0.139089 0.107618 0.0971703 0.0477996 -0.0464426 0.051021
-0.0176371 -0.168053 -0.123288 0.0238867 -0.0818015 -0.0455948 -0.0172531 -0.156812 -0.12992 0.027181 -0.068747 -0.0323363
-0.101842 -0.149587 -0.178579 0.0221399 0.0777417 -0.0402031 -0.0932587 -0.151068 -0.160587 0.0206722 0.0650706 -0.0314877
0.0155406 0.0312177 0.0315632 0.0163157 0.0596231 0.00544217 0.014743 0.0286759 0.0383233 0.0133432 0.0586205 0.00519637
-0.00741825 -0.0349526 0.0298119 0.0109885 0.0446151 0.00726121 -0.0113812 -0.0246833 0.0158059 0.00836393 0.0425584 0.0128616
-0.0323205 -0.0608 -0.0134055 0.0232583 0.00899913 0.0127747 -0.0567316 -0.0691535 -0.0101587 0.0138304 0.00546326 0.0114472
-0.261579 -0.0344645 -0.145785 -0.034087 0.0130388 -0.0341269 -0.268237 -0.00939037 -0.16691 -0.0287639 0.0167459 -0.036073
-0.0787205 -0.141961 -0.11426 0.00272514 0.0338512 -0.0393717 -0.0626438 -0.166362 -0.106644 -0.00288244 0.0217516 -0.0406088
-0.116799 -0.0997846 -0.130506 0.00396043 0.0247073 -0.0107658 -0.121006 -0.090019 -0.147435 0.00510719 0.0243068 -0.00335681
0.0298216 0.0905149 0.065585 -0.0479615 -0.0580305 0.00567203 0.0280749 0.0842623 0.0618155 -0.0491586 -0.051978 0.00787674
-0.0402851 -0.028834 -0.0147221 0.00719009 -0.0129028 0.0177968 -0.0364755 -0.0306607 -0.020667 0.019447 -0.00703533 0.0249956
0.015021 0.0364616 0.042669 0.0452553 -0.0105538 -0.00501074 0.0306587 0.0522171 0.0583407 0.0428608 -0.00278634 -0.00764244
0.00932217 -0.0790915 -0.00305979 -0.021307 0.0430585 -0.0169136 0.019131 -0.0821389 -0.0157244 -0.0209509 0.0456484 -0.0176647
0.109949 0.10147 0.101369 0.00466594 -0.0103613 -0.0079789 0.0957028 0.100855 0.105913 0.00637689 -0.00543556 -0.014909
0.0186163 -0.0120794 -0.0281889 -0.0187212 -0.0437797 -0.00923055 0.00969563 -0.0212758 -0.0407219 -0.016333 -0.0386958 -0.0166603
-0.253346 -0.173275 -0.153295 -0.0491912 -0.0177407 0.0149184 -0.249231 -0.16556 -0.152493 -0.0438371 -0.0161498 0.0133813
-0.0612273 -0.00854281 -0.0753351 0.0172638 -0.0239536 -0.00702982 -0.0460868 0.00176756 -0.0917504 0.0175353 -0.0124247 -0.00627496
0.148586 0.203431 0.140947 0.0627634 0.0277031 0.0263916 0.144166 0.188428 0.119535 0.0672709 0.0341615 0.0221416
-0.12956 -0.134727 -0.0497702 -0.0048995 -0.102186 -0.0623296 -0.132231 -0.140083 -0.0395309 -0.00100904 -0.0953593 -0.0621447
-0.190631 -0.183459 -0.151823 0.0280425 -0.0224019 0.0111272 -0.18253 -0.186128 -0.165566 0.0281556 -0.0252498 0.00305756
-0.0127772 -0.0112935 0.0212671 -0.0447361 -0.00754509 0.0285755 -0.0251227 0.0025323 0.0137536 -0.0447453 0.00398748 0.0248888
-0.000674672 -0.0014114 0.0798404 -0.0391509 -0.0172463 0.00156537 0.00572911 -0.0125811 0.0771228 -0.0521827 -0.0226207 -0.00256844
-0.19838 -0.0635081 -0.0471408 -0.0391986 0.0273074 0.00527473 -0.202071 -0.0606802 -0.0683098 -0.0450554 0.0297842 0.0116685
0.0565552 0.0133713 -0.0218537 0.030074 0.0330955 0.0282155 0.0554976 0.0237694 -0.0261859 0.0285644 0.0253567 0.0314256
0.00346853 -0.0694806 -0.00608068 -0.0174077 0.0505381 -0.0235184 0.0128845 -0.0729916 0.00215007 -0.0130095 0.0538164 -0.0295076
0.169022 0.177247 0.142399 0.0413564 0.00895165 -0.0215219 0.151758 0.188367 0.127365 0.0401286 0.0142219 -0.0175174
0.00957807 0.00446661 0.00575244 0.0348393 0.0337794 0.0264144 -0.00295956 -0.00895074 0.00212304 0.0437222 0.0423199 0.0354584
-0.0935996 -0.124372 -0.119124 0.0180683 0.0560297 -0.0321017 -0.100752 -0.119818 -0.12467 0.027376 0.042647 -0.0293
-0.0587104 0.0400785 0.0213818 -0.0116798 0.0275653 -0.0678016 -0.0556967 0.0578581 0.0122381 -0.0106113 0.0179331 -0.059141
0.0933698 0.0637944 0.0421306 -0.0226415 -0.00214108 -0.0552573 0.0952125 0.0606685 0.051884 -0.0240754 0.00286193 -0.0440876
-0.202179 -0.179325 -0.266862 -0.00134238 -0.0154212 0.0326653 -0.198211 -0.170882 -0.27644 -0.00344067 -0.0154428 0.0371539
0.0118049 0.00979055 -0.00604041 -0.0153024 0.00433172 -0.0148324 0.0116596 0.0171055 -0.0183999 -0.0143523 0.00862082 -0.0183264
-0.0294328 -0.0509534 -0.109983 -0.00840556 0.00533923 0.0317024 -0.0330756 -0.0391379 -0.116461 -0.0107775 -0.00231548 0.0292365
-0.0402127 -0.062447 -0.0395136 0.00820225 -0.00802447 -0.027015 -0.0432104 -0.0779174 -0.0443421 0.0158673 -0.000742519 -0.0175279
0.0354454 -0.00588419 -0.023686 -0.0787974 0.0575594 -0.0366222 0.0388006 -0.0129537 -0.0267406 -0.077835 0.0717746 -0.0375601
-0.148622 -0.0956265 -0.110034 -0.0133297 -0.00787812 -0.0230436 -0.170677 -0.0895804 -0.105092 -0.0206696 -0.0101361 -0.0158003
-0.149198 -0.162229 -0.148751 -0.0454907 -0.00484414 0.00694067 -0.1469 -0.181134 -0.15153 -0.0449634 0.00282326 -0.000525778
0.123504 0.0302931 0.0848681 0.0555177 -0.00872048 0.000117334 0.11604 0.024803 0.0715276 0.056596 -0.0137159 0.0108772
0.0900906 0.0496973 0.126712 0.0246941 0.0457227 -0.0595227 0.097749 0.0409248 0.104716 0.0260335 0.047321 -0.0500532
-0.000237486 -0.0920741 0.0999381 0.09534 -0.075363 0.0100684 0.000464444 -0.0888279 0.096587 0.0877783 -0.0697338 0.00507719
-0.156947 -0.135008 -0.250066 -0.0924614 0.00209979 0.0386351 -0.151028 -0.124551 -0.243238 -0.084967 -0.00177304 0.045056
-0.0601112 0.0121042 0.0220332 0.0711806 -0.00151666 0.0154516 -0.0665346 -0.00349185 0.0249744 0.0649913 -0.00911089 0.019535
0.0137619 0.0518339 0.0264143 -0.0282387 0.0710997 -0.0706221 -0.0108671 0.0512713 0.033789 -0.0290748 0.0711264 -0.0584771
-0.0788782 -0.0588799 -0.017986 -0.0477229 0.0194841 -0.0584184 -0.0755452 -0.0560003 -0.0181387 -0.047451 0.0199223 -0.0480807
-0.0851829 -0.0189684 -0.0286901 0.0223742 -0.0190767 -0.0423719 -0.0951205 -0.0311532 -0.0329171 0.025628 -0.0108242 -0.0365353
-0.190994 -0.156644 -0.0944564 -0.00671166 -0.00010465 -0.0264795 -0.196937 -0.161648 -0.092809 0.000418296 0.00271289 -0.0313383
-0.0326741 -0.0255869 -0.0901728 0.00322208 0.0546312 -0.0344087 -0.0310678 -0.0407318 -0.092821 -0.00500104 0.0555399 -0.0458828
-0.1446 -0.190052 -0.185012 -0.0834833 0.0539858 -0.0344211 -0.135786 -0.191534 -0.184698 -0.0729579 0.0534317 -0.0345416
0.0116244 0.0435968 0.0679346 -0.0269966 -0.0438715 0.0117591 0.0185593 0.0317543 0.0547664 -0.0300344 -0.035057 0.0147487
-0.0369809 -0.0186264 -0.0115173 0.000743647 0.0464464 0.0110759 -0.0423804 -0.028051 -0.00813763 -0.000904519 0.0375001 0.0202067
-0.141543 -0.144675 -0.192469 -0.125398 -0.0296567 -0.0542086 -0.134079 -0.159327 -0.187184 -0.122531 -0.0314201 -0.0613305
0.0139697 0.018502 0.0192033 -0.00280603 0.00839131 -0.0030594 0.00261696 0.0172877 0.0110089 0.00263844 0.00631526 0.00270889
-0.0442974 -0.0464063 -0.0604165 -0.0236361 -0.0398115 -0.0518246 -0.0542093 -0.053579 -0.0525676 -0.029986 -0.0397063 -0.0481583
0.127693 0.163689 0.144748 0.00788199 0.028096 0.0275332 0.121842 0.145555 0.124667 0.000555407 0.0379929 0.0266218
-0.242351 -0.179737 -0.253133 0.0369042 0.00238422 0.0409478 -0.246389 -0.176778 -0.249805 0.0396376 0.00517311 0.0434547
-0.111545 -0.173592 -0.225241 -0.0281639 -0.0604778 -0.024883 -0.106751 -0.176854 -0.227339 -0.0358031 -0.0518109 -0.016745
-0.123415 -0.00282118 -0.0981971 -0.0416971 0.0368837 0.0843079 -0.128057 0.00470541 -0.118091 -0.0343109 0.0324652 0.0759767
0.109073 -0.0230851 -0.0265081 -0.0206417 0.00576641 -0.021307 0.120667 -0.0404266 -0.026277 -0.0300683 0.00471793 -0.0151836
0.0845562 -0.0104106 0.00630764 0.0472119 -0.0148968 0.0128514 0.0834816 -0.0193549 -0.00235719 0.0330445 -0.0195535 0.00885267
-0.0135907 0.0569666 0.0435694 -0.00365597 -0.0785586 0.0866586 -0.0278875 0.0582379 0.039551 0.000472519 -0.0655236 0.073665
0.0678064 0.00399532 0.0357049 0.0304727 0.0693034 0.070158 0.0602472 0.00831244 0.025373 0.0282718 0.0620639 0.0644686
0.100309 -0.0308524 -0.0176072 0.0136093 0.0115907 -0.0561402 0.100648 -0.0551385 -0.00985889 0.0123269 -0.000879778 -0.0462981
0.157115 0.150084 -0.0277611 -0.0461774 -0.0130574 -0.062655 0.160835 0.149968 -0.0223824 -0.0501717 -0.00466274 -0.0623287
-0.194621 -0.177022 -0.00995486 -0.00686162 0.00772029 -0.04491 -0.197719 -0.191808 0.00146719 -0.00799467 0.00863244 -0.0525255
-0.156024 -0.0155948 -0.0710874 0.00890536 0.00581398 -0.0119713 -0.159292 -0.0226108 -0.0678502 -0.00257111 -0.00206733 -0.0117499
-0.000301822 -0.0628371 -0.00799657 -0.0104436 -0.00164318 -0.0269015 -0.0168552 -0.0554403 -0.0180409 -0.0133055 0.0161781 -0.0188455
0.0748238 -0.0339463 0.0457139 -0.0120052 -0.063234 -0.013208 0.0624543 -0.0481644 0.0479995 -0.0228407 -0.0577368 -0.0280624
-0.0272872 -0.117278 -0.0985056 0.0266554 -0.0285808 0.0155506 -0.0141769 -0.117219 -0.102137 0.0185101 -0.0296701 0.0235184
0.0715754 0.0386427 -0.00365239 0.0955208 -0.0465984 -0.0271182 0.0523345 0.035761 -0.0122534 0.103257 -0.0380508 -0.0248017
-0.076742 -0.0402091 0.0061994 0.0177559 -0.0448038 0.0457993 -0.0747461 -0.045965 -0.00473556 0.0194496 -0.0335814 0.0410479
0.0474371 -0.125289 -0.0356763 -0.0223099 0.059798 -0.00603368 0.0220056 -0.122151 -0.0484022 -0.0270865 0.0717787 -0.00669696
0.13045 0.0789152 0.189158 0.0255638 0.0823425 0.0266177 0.129424 0.0607929 0.173948 0.020162 0.0850912 0.0155493
0.0840676 0.0761682 0.0715573 -0.0157877 0.0156868 -0.0199182 0.0758342 0.070045 0.0710847 -0.0214603 0.0239862 -0.0239979
-0.0195708 0.000892524 0.0163731 -0.0309811 0.029928 -0.0110758 -0.040659 -0.00356519 0.0135124 -0.0291735 0.0359674 -0.00746563
-0.0361267 -0.0652474 -0.0403107 0.059532 -0.0670791 0.00799019 -0.0324107 -0.0883081 -0.037875 0.0459117 -0.0582922 0.0132887
-0.0055945 0.0491134 0.105537 0.0353874 0.0456756 0.00615103 -0.0156062 0.0477345 0.120429 0.0321379 0.053804 0.00339407
-0.144115 -0.160201 -0.105669 -0.00532643 -0.0945208 0.00129425 -0.147408 -0.145173 -0.116898 -0.00472081 -0.0948235 0.00278533
-0.0145423 -0.0391356 -0.066511 0.0614881 -0.0484756 -0.0349233 -0.0204257 -0.0499827 -0.0582145 0.0491104 -0.0502376 -0.0329301
0.0271711 0.148031 0.100262 -0.0275552 -0.020539 0.0863449 0.019259 0.141822 0.0890392 -0.0307443 -0.0220348 0.0893541
-0.165275 -0.0854918 -0.180236 -0.0248913 0.0176582 -0.000129174 -0.162307 -0.101972 -0.182235 -0.0312219 0.0157218 -0.00908963
0.0285928 -0.00849448 -0.0967078 0.0251627 -0.00629873 -0.0114447 0.0195894 -0.000666741 -0.104636 0.032253 -0.00400622 -0.00548363
-0.0332353 0.00475126 -0.0533635 0.0306495 0.0169242 -0.0379931 -0.0425445 -0.00346896 -0.0603847 0.0240534 0.0162508 -0.0349724
-0.0156593 -0.175863 -0.052437 0.0186776 0.00832309 0.0578721 -0.00997489 -0.164843 -0.0388348 0.0104199 0.0109208 0.0580273
-0.126251 -0.214536 -0.237839 0.0458763 0.0447587 -0.020698 -0.134641 -0.192386 -0.238606 0.0414989 0.0331226 -0.0219416
-0.163677 -0.0673411 -0.206223 0.00251919 0.0259945 -0.0298539 -0.158927 -0.0543198 -0.216511 0.0017017 0.0261959 -0.0233251
-0.140173 -0.0400716 -0.0529316 -0.0141659 -0.0257991 0.0241668 -0.135213 -0.0257727 -0.067188 -0.0126035 -0.0162901 0.0203139
-0.0723192 -0.0574722 -0.139719 -0.0909435 -0.004874 -0.000851837 -0.0759045 -0.0604263 -0.131357 -0.0818127 -0.00955659 -0.00299185
-0.101739 -0.171463 -0.108847 0.0793675 -0.0701549 -0.102592 -0.119026 -0.158076 -0.109234 0.0779759 -0.0711759 -0.100699
0.175826 0.028993 0.100239 0.0145853 -0.0380237 0.00458106 0.153824 0.016582 0.0938347 0.0056123 -0.043827 -0.00117615
-0.112323 -0.0656176 -0.0881576 -0.0154847 -0.00131064 -0.00447933 -0.105743 -0.0557586 -0.0948438 -0.0299313 0.0127436 -0.000358815
-0.0904986 -0.0659166 -0.166953 0.0326533 0.00470303 -0.0389512 -0.101086 -0.0610995 -0.158714 0.0329371 0.0101354 -0.0275703
0.128438 0.120999 0.0310608 0.0166395 -0.0419827 -0.0504691 0.126986 0.117252 0.0126559 0.0206979 -0.0361909 -0.0557161
-0.18458 -0.133517 -0.258551 -0.0612597 0.0787112 -2.85961e-05 -0.172267 -0.141777 -0.24918 -0.0658274 0.0688502 0.00108148
-0.0072255 -0.0151094 -0.0508493 -0.0815448 -0.0309197 0.0851882 0.00137185 -0.0109883 -0.064969 -0.0635933 -0.0330701 0.0796885
-0.250505 -0.210245 -0.0630534 -0.0442331 0.0563998 0.00945157 -0.23796 -0.201621 -0.0513567 -0.045363 0.0577063 0.00128496
0.0805617 0.085245 0.0921101 -0.0430393 0.0173714 0.00679487 0.0729449 0.068901 0.0813928 -0.0364999 0.0126372 0.00423593
0.00981804 0.0859522 0.0667816 -0.0122418 -0.0349329 -0.0534305 -0.00149281 0.0864521 0.0629442 -0.00418607 -0.0418164 -0.0461963
0.0865622 0.102891 0.124071 0.0334406 0.0218011 0.00514099 0.0875548 0.099253 0.107113 0.0273271 0.0204244 0.00158311
0.132783 0.0623832 0.158511 0.00326301 -0.0159698 0.0293253 0.125756 0.0607919 0.163913 -0.0034503 -0.0206328 0.0196645
-0.200755 -0.151465 -0.17704 -0.0101834 -0.10096 0.0431146 -0.209076 -0.156272 -0.179049 -0.00337533 -0.111013 0.035943
-0.0619817 -0.0800492 -0.104186 0.00446273 0.0261497 -0.0262495 -0.0601916 -0.0949124 -0.114595 0.00634296 0.0240301 -0.0175437
0.00768426 0.0607949 -0.0298962 -0.0502856 0.0274808 -0.0372376 0.0110886 0.0429461 -0.0307396 -0.0515149 0.0252326 -0.0315356
-0.056529 -0.137975 -0.120729 -0.00341746 0.0237914 -0.0243153 -0.0697156 -0.139692 -0.100082 -0.00885837 0.0236248 -0.0249272
0.0186734 0.0663586 -0.0318555 0.0590874 -0.0253983 0.0112279 0.0222137 0.0582053 -0.0516899 0.0636012 -0.0302526 0.021679
-0.038302 -0.12697 -0.0719872 -0.00836958 -0.0350715 -0.0273543 -0.0311287 -0.126108 -0.0728944 -0.00203556 -0.0317424 -0.025686
-0.0464497 0.0484683 -0.111774 0.0523814 0.0168446 -0.0556355 -0.0517996 0.030493 -0.103017 0.056753 0.0135271 -0.0579089
-0.202565 -0.145748 -0.0357508 -0.0390751 0.0256352 0.0290967 -0.205259 -0.157741 -0.0414964 -0.0454804 0.02984 0.0268536
0.0300534 -0.0544524 -0.0336433 0.0299304 0.00788479 -0.051474 0.0258293 -0.045017 -0.0221475 0.0289831 -0.00942156 -0.0564203
0.106032 0.00157231 0.0393383 0.0426937 -0.0653039 -0.0349033 0.095224 0.0254197 0.0362511 0.0470096 -0.0727577 -0.0327299
-0.0472299 -0.12982 -0.179489 0.033254 -0.00233201 -0.069205 -0.0496516 -0.127869 -0.172303 0.0399683 -0.00627689 -0.070784
-0.152294 -0.097083 -0.1824 -0.0127482 0.0243144 -0.0466696 -0.14464 -0.106974 -0.172283 -0.00345548 0.0180901 -0.0425704
0.0203348 0.0487409 0.0445362 0.0520657 0.0168287 -0.0640911 -0.00313689 0.0841627 0.033423 0.0562181 0.0258013 -0.0724446
-0.0745218 0.0240078 -0.0728284 -0.0380293 -0.041982 0.0126333 -0.0835358 0.0127604 -0.0756383 -0.0250373 -0.0321359 0.0233823
-0.141024 -0.0741689 -0.00997741 -0.0666608 -0.0599422 0.0576497 -0.142149 -0.0887972 -0.00789815 -0.0646846 -0.056852 0.043613
0.00664557 0.0149378 -0.0685017 0.0632739 0.070834 0.00860598 -0.000642519 0.0129437 -0.0668579 0.0692622 0.069153 0.00430748
-0.0125133 0.159746 0.12477 0.0334339 -0.00303172 0.0740301 -0.00475244 0.148622 0.139276 0.0327152 -0.012891 0.058901
-0.141101 -0.0765019 -0.0415548 0.046085 -0.00248251 0.0443812 -0.144668 -0.0696423 -0.0648765 0.0367879 -0.0102296 0.0428229
0.153663 0.112812 -0.00561641 -0.0333148 -0.061953 -0.104094 0.150135 0.107815 -0.00871215 -0.0442345 -0.0592788 -0.0959979
-0.0477816 -0.00231414 0.00109629 -0.0627345 -0.0627617 -0.0131991 -0.0607247 -0.00569393 -0.0135779 -0.0522379 -0.0525664 -0.0160384
-0.110411 -0.045011 -0.226216 0.00660829 -0.0432697 -0.0345691 -0.0998647 -0.0639649 -0.230548 0.00248119 -0.0438176 -0.0272003
-0.240472 -0.185898 -0.15323 -0.0328826 -0.0685554 0.0184266 -0.234337 -0.168071 -0.180705 -0.0312361 -0.0666107 0.00972333
0.00868291 -0.0204945 -0.0379458 -0.0848777 -0.0257904 -0.00286868 0.01326 -0.032221 -0.0203283 -0.0954737 -0.0289013 -0.0114739
-0.111088 -0.0539014 -0.0952518 -0.0604595 0.0532996 0.0626667 -0.113684 -0.0578063 -0.100251 -0.050397 0.0521088 0.0643541
-0.0170987 -0.0268622 -0.0674878 -0.00344321 0.0401267 0.0773097 -0.0138185 -0.0193708 -0.0642956 -0.00237452 0.0374577 0.073107
-0.155782 -0.139456 -0.110853 0.0378141 -0.0221286 -0.00769581 -0.15471 -0.126656 -0.120744 0.0400993 -0.0249284 -0.00100415
-0.0254314 0.0519217 -0.0509087 0.024534 -0.0144473 -0.0272367 -0.0312652 0.0618913 -0.0695573 0.0270998 -0.0240327 -0.0380395
0.0522173 0.115782 0.0186895 0.000105206 -0.00743864 -0.0138785 0.0584584 0.135251 0.0259627 0.0164376 -0.0100676 -0.0135675
-0.110453 -0.02492 -0.0343914 0.0535367 0.0660521 0.038951 -0.117974 -0.0168605 -0.0166991 0.0551983 0.058063 0.0369888
0.0765226 0.0607103 0.116156 -0.0288887 -0.00226171 0.00532279 0.0778437 0.0552229 0.128123 -0.0162285 0.000555778 -0.000802444
-0.145815 0.0517192 -0.0596504 -0.010098 0.0178966 -0.00199611 -0.157993 0.0538222 -0.0407277 -0.00377267 0.0283367 0.00307378
0.0908566 0.174512 0.0774652 -0.0218752 0.0672919 -0.0182957 0.103801 0.183347 0.083674 -0.0187106 0.0621536 -0.0184676
-0.0566007 -0.106631 -0.111214 0.0513814 -0.0353517 0.00509471 -0.0463386 -0.102404 -0.10902 0.0548287 -0.0313759 0.0134643
0.0171122 0.0644877 -0.00410955 -0.0128207 0.0255261 -0.0208716 0.02766 0.0721146 -0.00557852 -0.0102856 0.0353584 -0.0244174
0.10089 0.0376243 0.0167622 0.0343699 -0.0215421 -0.0151864 0.108936 0.0216274 0.00569 0.0215188 -0.0236357 -0.0234459
-0.0709283 -0.126296 -0.140718 -0.0359138 0.046005 -0.0410212 -0.0888288 -0.128853 -0.139107 -0.0416853 0.0329116 -0.0465474
0.0844579 -0.00150353 0.169315 0.0123139 0.032951 0.0299259 0.0826502 -0.00688363 0.162685 0.0126372 0.02509 0.0313004
-0.0698923 -0.123805 -0.0430858 -0.0181321 -0.0575687 0.0321378 -0.0701411 -0.11169 -0.0451903 -0.0102505 -0.0610019 0.024993
0.0257518 0.119111 -0.0886734 0.0620373 0.0135221 -0.011698 0.0239325 0.119287 -0.0819672 0.0687042 0.0261907 -0.0104277
-0.205024 -0.27103 -0.13924 0.00476943 -0.0289577 -0.00435122 -0.201127 -0.26174 -0.119255 0.00887933 -0.039945 -0.00809393
-0.208704 -0.180406 -0.114033 -0.109136 -0.0269931 0.0520289 -0.196948 -0.174924 -0.0993777 -0.113587 -0.0322247 0.0532687
-0.10619 -0.087013 -0.0965493 0.00329642 -0.0548186 -0.0375641 -0.112609 -0.0862329 -0.106415 0.0108235 -0.049133 -0.0299378
-0.0510971 -0.057633 0.00368351 0.0188702 0.0106621 -0.0418813 -0.0550613 -0.0454062 0.00802578 0.0214832 0.0281698 -0.0397828
0.0635249 0.0280144 -0.0668516 -0.0648835 -0.0193279 0.0139901 0.0601651 0.0304209 -0.0802072 -0.0672503 -0.0210335 0.0151448
-0.0431198 -0.0661419 -0.0262108 -0.0528288 0.0272172 -0.0122635 -0.0360359 -0.0592161 -0.0305071 -0.0479147 0.0200949 -0.0219802
-0.167826 -0.153596 -0.071772 0.00525809 -0.00380469 -0.0694529 -0.170543 -0.157989 -0.0694884 -0.00370622 -0.00165541 -0.0677604
-0.0809258 0.109598 -0.0211097 0.00453061 -0.00119447 0.00152729 -0.0786968 0.1136 -0.0131326 -0.00127919 -0.000805852 0.0010163
-0.00143532 -0.0834335 -0.0613584 0.0503356 -0.0271729 0.0158889 -0.010568 -0.0846092 -0.0646878 0.0473839 -0.0270793 0.0116064
-0.106974 -0.057624 -0.0354719 -0.0083835 -0.0271679 -0.0214877 -0.113127 -0.0670257 -0.0366356 -0.00919674 -0.0194421 -0.0146869
0.162237 0.104342 0.0689703 0.0128541 0.0320039 0.0760541 0.155141 0.102077 0.073662 0.0110184 0.029032 0.066049
0.0845379 0.0712789 0.0710658 0.0663326 0.0366242 -0.0173506 0.0812062 0.0773327 0.0588064 0.0660714 0.0357573 -0.0166417
-0.030736 -0.0613616 -0.000121891 -0.024282 0.00942664 -0.0292515 -0.0347444 -0.0608487 -0.00427748 -0.0239539 0.00349615 -0.0302496
0.10605 0.050134 0.0389364 0.0618598 0.0740302 0.0213736 0.106231 0.068297 0.0289353 0.0498457 0.0655981 0.0135513
-0.0375936 -0.056286 0.0627536 -0.0155683 -0.00182283 -0.0574413 -0.0380393 -0.0504739 0.0874016 -0.0228031 0.0067057 -0.0448674
0.135933 0.0404421 -0.0407731 0.0185912 -0.00734806 -0.000485586 0.140727 0.0413553 -0.0454109 0.0175621 -0.00581319 0.00350037
-0.0741671 -0.0569276 -0.16693 -0.0724275 -0.00647722 -0.018251 -0.0482564 -0.0588846 -0.167101 -0.0827276 -0.00970748 -0.0148834
-0.0526507 -0.142766 -0.0348775 0.0898201 1.20914e-05 0.00748882 -0.0588179 -0.132216 -0.0376641 0.0852476 -0.00247719 8.82963e-05
-0.121685 -0.055347 -0.0776229 -0.0349846 0.0248292 -0.0247296 -0.121707 -0.0704095 -0.0684592 -0.03972 0.0218022 -0.0214654
0.0127029 -0.0388699 -0.0295979 -0.0260379 -0.00715555 0.0105466 0.0132095 -0.0332019 -0.0413086 -0.0216396 -0.00790333 0.017067
0.0943589 0.0474242 0.10974 -0.00257181 0.021226 0.00722229 0.0783994 0.0325955 0.114712 0.00551259 0.0313715 0.0220984
-0.0880948 -0.11981 -0.0662964 0.0263966 0.05831 -0.0448311 -0.0973658 -0.103084 -0.0464515 0.0363229 0.0638738 -0.0348843
-0.18386 -0.219937 -0.16563 0.051026 -0.0098547 -0.0509798 -0.183796 -0.213579 -0.152863 0.0497997 -0.00361896 -0.045157
0.0808514 0.120429 0.0581484 0.0108654 0.0421529 0.0448297 0.0672445 0.120975 0.0630053 0.0120058 0.0398786 0.0451521
-0.0731906 0.0136844 -0.198423 -0.0300396 0.00844993 -0.031469 -0.0713488 0.0169029 -0.196203 -0.0345501 0.00642081 -0.0449513
-0.148205 -0.0849447 -0.125612 0.0422526 -0.016706 0.0220954 -0.144986 -0.075568 -0.129282 0.0415244 -0.0131405 0.0289763
-0.0891645 -0.114128 -0.174123 -0.00673542 0.00331893 0.0122232 -0.100674 -0.100542 -0.167208 -0.00521207 0.0100673 0.008652
-0.0806709 -0.11009 -0.124716 -0.0329657 0.00593627 0.019304 -0.106369 -0.108947 -0.124563 -0.0219673 0.00571311 0.033443
-4.25206e-05 -0.131457 -0.0796224 -0.0464269 -0.0099022 0.0265802 -0.00887119 -0.12161 -0.0812287 -0.0346321 -0.00766622 0.0248228
-0.100776 0.0346193 0.00733318 -0.0145304 -0.0238241 -0.0349227 -0.0938058 0.0415519 0.00296059 -0.0113592 -0.013499 -0.0318359
0.0413798 0.0888545 -0.0505974 -0.0653753 -0.0440202 0.0279545 0.0271781 0.100013 -0.0357704 -0.0620679 -0.062527 0.0217579
0.0433325 0.0105843 0.0122364 -0.032708 0.00254748 0.0256658 0.0370491 -0.0114019 0.0155914 -0.0280535 0.00504496 0.0227947
0.037512 -0.04182 0.0291738 0.0547284 0.0390442 0.0356175 0.0341793 -0.0548151 0.0374339 0.0507599 0.0387295 0.0341227
-0.0606049 -0.111712 -0.0839232 0.00481971 -0.0461674 -0.0536813 -0.0678378 -0.119522 -0.084423 -0.000719185 -0.0327325 -0.0523224
-0.0394409 -0.0308733 -0.0763603 -0.00999609 -0.0261504 0.00327197 -0.0538619 -0.0286594 -0.0910141 -0.00507948 -0.0209426 0.00942956
0.00149845 0.011538 -0.0473306 0.023196 0.00026679 -0.0096082 -0.0161501 0.0108387 -0.0541962 0.0148816 -0.00244 -0.00238119
-0.0353542 -0.0471355 -0.00985805 -0.0199533 0.00803319 -0.0448888 -0.0497335 -0.0435445 -0.0120273 -0.01828 0.00338756 -0.0409488
-0.052201 -0.0743899 -0.0334351 -0.012507 0.0101924 0.00921854 -0.0539564 -0.0715332 -0.038082 -0.0129719 0.0117901 0.0129756
0.000483644 -0.012897 -0.0524486 -0.0175019 -0.00930164 -0.0332951 -0.0142843 -0.0202725 -0.0567619 -0.0240099 -0.0139768 -0.026367
0.0117092 0.0478988 -0.0183655 0.0272522 0.0263508 -0.042765 0.00925667 0.0434112 -0.0223601 0.0292926 0.0233109 -0.0355794
-0.0677854 -0.0592403 -0.0836848 -0.0310792 0.0111779 -0.0154133 -0.0678947 -0.0701822 -0.0820824 -0.0310279 0.0138621 -0.0147656
0.0243216 -0.0235541 0.0353116 0.0413548 -0.00997979 0.00233592 0.00626852 -0.027029 0.0306091 0.0393182 -0.00926156 0.00491682
0.0209788 0.0117783 -0.0856153 -0.0232761 -0.0171131 -0.0348332 0.0240429 -0.00454822 -0.0923153 -0.0293592 -0.0125561 -0.0304554
-0.03932 -0.0921751 0.0475167 0.0653676 -0.0220563 -0.077094 -0.0549713 -0.0967078 0.0546913 0.0617657 -0.0172034 -0.0812799
0.0626878 0.0585973 0.0234233 0.0199682 0.0318801 0.0171896 0.0356672 0.0567553 0.0229018 0.0157014 0.0222387 0.0195841
0.0119863 -0.0194411 0.0334344 0.0559684 0.0393976 -0.0243383 -0.0141789 -0.0316507 0.0351253 0.0458654 0.0370247 -0.0194467
0.0185304 -0.0412005 0.0285253 0.0676235 -0.00691657 -0.0400887 0.00653289 -0.0460484 0.0148157 0.0574579 -0.000452593 -0.0371748
-0.0151128 -0.0409585 -0.043212 -0.0149733 -0.024679 -0.0255134 -0.0364679 -0.041827 -0.0484757 -0.0180191 -0.0256837 -0.0191571
-0.0112527 0.0238967 -0.0303884 -0.0274958 -0.00944959 -0.0309256 -0.0275981 0.0201123 -0.0382761 -0.0325037 -0.0126051 -0.0241663
0.0502641 -0.0420319 -0.00117554 -0.00452859 0.0178114 -0.0228145 0.0424049 -0.0472883 -0.0044177 -0.00609156 0.0205151 -0.0190661
-0.00780299 0.0562025 -0.0141982 -0.0243935 0.0247431 -0.0314078 -0.0109534 0.0558687 -0.0151865 -0.0160333 0.0268919 -0.0239911
-0.0324117 -0.0249156 -0.0447826 0.02041 -0.0367348 -0.00183058 -0.0336375 -0.0336134 -0.0545185 0.0242761 -0.0315216 0.00194333
-0.0155937 -0.0660391 -0.0656997 -0.00151848 -0.00144527 -0.0542338 -0.0338413 -0.0765152 -0.0594793 -0.00864393 0.00651222 -0.0520044
-0.0423311 -0.0124597 -0.039969 0.0239915 0.0317294 0.00686061 -0.055697 -0.00803882 -0.0495105 0.0210013 0.0303547 0.00956378
0.0387988 0.0391738 0.0329399 -0.0370693 -0.00824569 -0.00872082 0.0337446 0.0544647 0.0258224 -0.039698 -0.0131501 -0.00781015
-0.111854 -0.0797891 -0.133069 0.0342484 -0.00606493 -0.0394561 -0.11344 -0.0985047 -0.133647 0.0255574 -0.00535726 -0.0373246
-0.0788208 -0.0438192 -0.0429119 -0.0231054 -0.0322332 0.0295274 -0.0724061 -0.060196 -0.0525149 -0.0267399 -0.0258432 0.0252303
0.0371913 0.010326 0.0831022 0.0658889 0.0466901 0.0254345 0.0330747 -0.00160044 0.0674026 0.0665944 0.0509733 0.0321459
-0.00737207 -0.0400372 0.0262124 0.0331977 0.00355161 -0.0028808 -0.0112964 -0.0471967 0.027826 0.0333381 0.00986956 0.00202644
-0.0273577 -0.0722249 -0.0626357 -0.0508977 0.0480056 0.0434134 -0.0176017 -0.0581995 -0.0563185 -0.0573533 0.0378753 0.0357555
-0.057639 -0.0651031 -0.0603807 -0.023048 -0.000131362 -0.0359841 -0.0647097 -0.0748533 -0.0595808 -0.0213707 -0.00187222 -0.0301473
-0.0286696 -0.0207513 -0.0299422 -0.0266656 -0.00966708 -0.0406234 -0.0487514 -0.0169944 -0.0384064 -0.0289738 -0.000840148 -0.0353321
-0.00718986 0.00851286 -0.00718128 0.00410601 -0.011289 0.0154632 -0.0243157 -0.00486393 -0.00600682 0.001772 -0.012343 0.0187069
-0.0690854 -0.0120789 -0.0246204 0.00955998 -0.0105989 0.0406092 -0.0633048 -0.0222601 -0.0316827 -0.000677778 -0.00703326 0.0406333
-0.0244725 -0.0379786 0.000673396 0.0158364 -0.00107099 -0.00768074 -0.0268904 -0.0480651 -0.00442474 0.00762659 0.00516207 -0.00984215
0.0817886 0.037709 0.0676189 -0.0107547 0.0377096 0.0261742 0.0629182 0.029821 0.0549728 -0.012811 0.0263203 0.0263373
-0.0104161 -0.0497926 -0.0412552 0.0353543 0.0291371 0.00521218 -0.0163048 -0.0547579 -0.0489306 0.0238158 0.024019 0.0153624
-0.0174975 0.0078586 -0.0243854 0.00701317 0.0249176 -0.0142753 -0.0350714 0.0115503 -0.0281975 0.000435481 0.0188656 -0.00782296
0.0676477 0.0512132 0.0284343 0.000729328 -0.00310104 -0.0124579 0.0439951 0.0506847 0.017383 -0.0039537 -0.00898281 -0.00575748
0.000309063 -0.0634371 -0.0853606 -0.0172538 -0.0107482 -0.0369838 0.00150978 -0.0678977 -0.0919772 -0.0169763 -0.00377919 -0.032238
-0.0250388 -0.049904 -0.103172 0.00861487 -0.00751864 0.028342 -0.0280667 -0.0461296 -0.117239 0.0113093 -0.00330459 0.0329959
0.0403034 0.0670274 0.0228174 0.0204857 0.0156582 0.00503155 0.0259339 0.0627268 0.0163201 0.0170596 0.0134779 0.00671889
-0.00187125 -0.0176033 -0.0880925 -0.0285957 -0.0424185 0.0353955 -0.00727763 -0.0230296 -0.0986808 -0.0323987 -0.0347881 0.0301819
0.02748 0.0198343 0.00284074 -0.00236272 0.00242006 -0.0155712 0.0201096 0.0236619 -0.00439593 0.000118963 0.000346296 -0.0105354
0.0344609 0.0813215 0.0761642 -0.0208513 -0.0305216 0.00259033 0.025114 0.0803834 0.0613643 -0.0165979 -0.0261946 0.00618533
0.0333838 0.0386519 -0.0439613 -0.0437535 -0.0106443 0.0158942 0.0198488 0.0435953 -0.0493379 -0.0390505 -0.00877341 0.0167411
-0.0484681 -0.0173303 -0.0902858 -0.0224981 -0.0216844 -0.00862804 -0.0565619 -0.00956748 -0.0923116 -0.023915 -0.0226722 -0.0010617
0.0579813 0.105036 0.0277515 0.0106773 0.0467112 -0.0237701 0.0598798 0.103858 0.00975548 -0.00098563 0.0493859 -0.0186229
-0.0731692 -0.0267872 0.00208392 -0.0187238 -0.0494892 0.00379582 -0.0747511 -0.0451067 0.00544615 -0.0245741 -0.0403827 0.0123701
-0.0817355 -0.0814036 -0.0896842 -0.0295059 0.00138628 -0.0159266 -0.0855847 -0.087689 -0.0954193 -0.0342063 0.00277844 -0.017665
0.0280894 0.114453 0.0332421 0.00953907 0.0360857 0.0364618 0.00628504 0.0926523 0.0318184 0.00586089 0.035347 0.0353103
0.0649471 0.0223927 -0.0121417 0.0234789 0.0228976 -0.0510164 0.0623173 0.0174966 -0.018789 0.0119998 0.0294387 -0.0487287
-0.0130854 0.00172089 -0.0117627 -0.00382372 -0.0125698 0.0071939 -0.0301157 -0.009752 -0.0158601 -0.00773622 -0.0153044 0.0134324
-0.0513132 -0.0249027 -0.0508324 -0.013374 -0.000119928 -0.0409884 -0.0558135 -0.00889778 -0.0475978 -0.0127736 0.0026237 -0.0318294
0.0283898 -0.0348956 0.0286222 0.00221887 0.0333436 0.000794877 0.0388376 -0.0242807 0.0380486 0.00399837 0.0363937 0.00771489
-0.00875446 -0.032433 -0.0184453 -0.00235456 0.00873705 -0.0261274 -0.0210671 -0.0372456 -0.0312354 -0.00489585 0.0090797 -0.018952
-0.0357806 -0.0287913 -0.0100684 0.0127802 -0.0155028 0.0255032 -0.0386168 -0.0294704 0.00244244 0.0107014 -0.0148246 0.0344511
-0.0335838 -0.0246669 -0.0793659 -0.0256205 -0.0434595 -0.0541209 -0.0370521 -0.0251543 -0.0844204 -0.024939 -0.0388463 -0.0506195
0.0324566 -0.0517515 -0.04099 -0.00643087 0.0194864 0.0076056 0.0113499 -0.0556736 -0.0403385 -0.00854756 0.022586 0.0124439
-0.0639104 -0.0181498 -0.0354357 0.0138933 -0.0291926 0.0211624 -0.0605904 -0.0281635 -0.0409435 0.00818889 -0.0269279 0.0187624
-0.0209323 -0.0664082 -0.0139312 -0.00954642 -0.0278034 -0.0116809 -0.0395641 -0.071076 -0.0208941 -0.0126074 -0.0307357 -0.00537637
0.00681068 -0.0108774 -0.0142087 -0.00581735 -0.00967407 -0.0197717 -0.00333474 -0.0163356 -0.0110856 -0.0119356 -0.011713 -0.0134307
0.00533115 -0.0224057 -0.0230606 0.00988718 -0.0202126 -0.0305737 -0.0139494 -0.0249852 -0.026375 0.00459222 -0.0185661 -0.0223844
-0.0660523 -0.017238 -0.0537269 0.00129048 -0.0294492 0.00550055 -0.0743317 -0.0204335 -0.0618502 0.0161339 -0.024579 0.0109293
-0.0833165 -0.0389498 -0.0878563 0.00536244 -0.00800591 0.00795504 -0.0921051 -0.0449465 -0.0854058 0.00324437 -0.00951533 0.0125266
0.0330527 0.0315638 0.0473576 -0.0182706 0.0550144 0.00638465 0.0355198 0.0317212 0.035246 -0.0156572 0.0509784 0.00406067
-0.0531324 -0.00121409 0.0272206 0.0106503 0.00858209 -0.0110943 -0.0577919 -0.00172793 0.0214536 -0.00100489 0.0156316 -0.0096123
0.0491001 -0.0271811 0.0864939 -0.0191555 -0.0213065 0.0357531 0.0325888 -0.041808 0.0924037 -0.0224524 -0.0110651 0.0317337
-0.0775979 -0.0954488 -0.0341143 0.00958669 -0.0206737 -0.0416806 -0.081783 -0.103397 -0.0331864 0.00542118 -0.0154159 -0.0424031
-0.021502 0.00413858 0.0167233 0.0212968 -0.0111561 -0.0567156 -0.0213304 0.000109778 0.00264067 0.0239093 -0.00494215 -0.0502207
-0.170565 -0.0580461 -0.0271004 -0.00150748 -0.0311555 -0.0159088 -0.169899 -0.0486708 -0.051134 -0.00142052 -0.0236996 -0.0117735
-0.0721939 -0.0597858 -0.0601149 0.0107403 0.0481823 -0.0147676 -0.0575878 -0.0704804 -0.0695286 0.000751185 0.0491564 -0.0191398
-0.131257 -0.0328203 -0.13684 0.0331994 0.0231225 -0.0565227 -0.111868 -0.0418867 -0.126046 0.0303822 0.0376011 -0.0521124
0.106527 7.84556e-05 0.0548122 -0.0095235 0.0158383 -0.0562199 0.10255 0.00683289 0.0359553 -0.00241844 0.0229566 -0.0442895
-0.0594715 -0.0654109 -0.0627962 0.00330051 0.00445458 -0.0182729 -0.0619933 -0.0734012 -0.068186 0.00322519 0.00142622 -0.00891793
-0.05961 -0.040205 -0.0497731 0.0397672 0.0134971 -0.0171877 -0.0691863 -0.0498381 -0.0526602 0.0336074 0.010908 -0.0101111
0.0807337 0.0243174 0.0284078 0.018822 -0.00699725 0.00542424 0.0613546 0.0199537 0.022777 0.0153284 -0.0092803 0.00990119
-0.0766808 -0.113546 -0.0668303 0.0117229 0.07685 -0.0709415 -0.0769878 -0.107419 -0.0753119 0.00807555 0.0809166 -0.0610713
0.0257135 -0.0271293 0.0459953 0.0175057 -0.0262593 -0.0305792 0.0055217 -0.0269456 0.0363526 0.0120306 -0.0284782 -0.0216188
0.0331095 -0.0319625 0.0110892 0.0351294 -0.0310655 -0.0342326 0.0292784 -0.0455642 0.0129653 0.0285006 -0.0296471 -0.0362746
0.034938 -0.00255701 -0.0281106 -0.0138614 -0.0218643 0.0387928 0.0433371 -0.022086 -0.0410237 -0.00348289 -0.016047 0.0399207
-0.0142207 0.0299806 -0.00965726 0.0079693 0.0165435 -0.0063004 -0.018056 0.0182677 -0.0144761 0.00366548 0.0161367 -0.000413926
-0.0730753 -0.0929627 -0.0107009 0.0320185 -0.0434092 0.0357681 -0.0813158 -0.0866123 -0.0202033 0.026649 -0.038485 0.0338284
0.0579709 0.0186372 0.00246159 0.00981302 -0.0304953 0.0236913 0.0494499 0.0186103 -0.00554044 0.00467785 -0.0215976 0.020782
0.00909917 0.00770067 0.00824964 0.0226688 0.00760047 0.0242052 -0.00838763 0.000521926 0.007168 0.0187926 0.00477793 0.0311808
-0.0421622 0.0545709 -0.0413437 -0.0148498 -0.0217951 -0.0178817 -0.04704 0.0331789 -0.045206 -0.0156793 -0.0146325 -0.0153756
-0.0401392 0.024371 -0.0257757 -0.0165453 -0.0358019 -0.0284156 -0.0390898 0.0198271 -0.0410398 -0.0271959 -0.028193 -0.0307414
-0.00725014 -0.00512167 0.0490727 -0.0284143 0.0145675 0.0100421 -0.0208241 -0.0170559 0.0464756 -0.027997 0.018462 0.00748378
0.0169831 0.046159 0.0692387 0.0345633 -0.069748 0.0597838 0.00295074 0.0405667 0.0596595 0.0333644 -0.0664291 0.0590125
-0.00909203 0.0294137 0.0374321 0.0187062 -0.021628 0.0236614 -0.0133741 0.0161807 0.0345996 0.011371 -0.0137401 0.0246629
-0.0859443 0.00221771 0.00213554 -0.03331 -0.0312047 0.000158345 -0.0929544 -0.00779341 -0.00515111 -0.0372034 -0.0268219 -0.00724704
0.0723153 0.109726 0.0198802 -0.00621199 -0.0105819 -0.0110858 0.0662799 0.10876 0.038057 -0.00717933 -0.00608526 -0.00732622
0.0206488 -0.0898272 -0.0150434 -0.0160404 0.0471277 -0.0163918 0.0207092 -0.0824626 -0.026342 -0.0159164 0.0496453 -0.0174387
0.0983602 -0.0235942 0.0634319 -0.0128912 -0.0558177 0.0245319 0.102697 -0.0230499 0.0537164 -0.012773 -0.0483408 0.0326282
0.0159921 0.0366032 0.102267 -0.000828122 0.0106032 -0.0126464 0.0184147 0.0300109 0.10785 -0.0034003 0.0125286 -0.0140349
-0.0250918 -0.110449 -0.0302758 0.0348878 -0.0251399 0.0637227 -0.0297207 -0.0955255 -0.0247934 0.0334897 -0.0257063 0.0555516
-0.0701938 -0.0772144 -0.127417 0.0098272 -0.0314933 0.0232591 -0.0631989 -0.0755811 -0.136625 0.00389319 -0.0275987 0.0179775
-0.00740311 0.101772 0.0209255 -0.0690397 0.0648783 0.0106782 -0.00897356 0.0825593 0.0269082 -0.0675893 0.0636273 0.00286926
-0.195183 -0.173118 -0.165061 -0.0240946 -0.00886132 -0.0709618 -0.190691 -0.151922 -0.166324 -0.018191 -0.00803882 -0.0743786
-0.255845 -0.0622009 -0.174498 -0.0329326 -0.0304621 -0.0376513 -0.249656 -0.0705629 -0.170358 -0.0326291 -0.0257318 -0.0355153
-0.0533888 -0.230627 -0.0377314 0.0667542 -0.0445157 0.0528032 -0.044091 -0.192047 -0.0393345 0.078838 -0.0395721 0.041023
-0.0269936 -0.0528137 -0.169433 -0.0212271 -0.0476431 -0.0305225 -0.0262976 -0.0432423 -0.178371 -0.0212306 -0.0485091 -0.0346717
-0.173956 -0.0880011 -0.0674681 -0.0632649 -0.00857645 -0.0850351 -0.170579 -0.0785256 -0.0731629 -0.0588503 -0.00197422 -0.080225
-0.123824 -0.157241 -0.0898613 -0.0480622 -0.0402344 -0.00576564 -0.11225 -0.14293 -0.109827 -0.0492571 -0.0288574 -0.00761548
-0.314423 -0.137097 -0.271957 -0.0520919 -0.0486631 -0.0102459 -0.318496 -0.144752 -0.269827 -0.044845 -0.0586733 -0.0207046
-0.133385 -0.196691 -0.0174008 0.0115841 -0.0317557 -0.0535026 -0.127156 -0.18307 -0.024237 0.00991148 -0.03394 -0.0536709
0.158071 0.15159 0.117939 -0.0123717 0.0291331 0.0023992 0.154922 0.145101 0.112041 -0.0126184 0.0308656 -0.002824
0.0327302 0.0273446 -0.00731552 -0.0079727 -0.0178483 -0.0228554 0.0417198 0.0156851 -0.0173296 -0.00246237 -0.0116411 -0.015766
-0.0395211 0.0355716 -0.0490801 0.0876108 0.0483551 0.00293818 -0.0364142 0.0498405 -0.0638182 0.0769877 0.0515847 0.00279607
-0.13118 -0.141419 0.00907107 -0.0255619 -0.00924761 -0.0171541 -0.113411 -0.12615 0.0126732 -0.0241084 0.00094237 -0.0227654
0.0759184 -0.0271606 0.0528554 0.032843 0.0309847 0.0777585 0.0752883 -0.0428245 0.043957 0.0423984 0.0290595 0.0681081
0.150383 0.0235984 0.070633 0.0213628 -0.02054 0.0850748 0.161765 0.0174139 0.052743 0.01936 -0.0211926 0.0785172
0.158829 -0.0647589 0.13466 0.0645692 -0.0177959 -0.00756255 0.160167 -0.0646953 0.121729 0.062211 -0.0144853 -0.00713763
0.0307231 -0.083804 0.00217243 0.056131 0.0560499 0.0356955 0.0127527 -0.0865621 -0.0185469 0.0468287 0.0542484 0.0334689
0.0158874 -0.0276993 0.0567617 -0.0556762 -0.0607469 -0.0665736 0.0325459 -0.0298829 0.0677684 -0.0480818 -0.0685603 -0.0553878
0.065626 0.0435145 0.0264278 0.0288509 -0.0307275 0.0738962 0.065564 0.0342898 0.0373037 0.0318112 -0.0347013 0.0716421
0.02112 0.096542 -0.0377746 0.0206766 0.00830785 0.0159091 0.0405081 0.104054 -0.0303138 0.0213785 0.001768 0.00481844
-0.06285 -0.14686 -0.032135 -0.00332271 -0.013549 -0.01958 -0.0562498 -0.123701 -0.035812 0.000681852 -0.00927904 -0.0298585
-0.187631 -0.0698927 -0.133247 -0.0762396 0.00749396 -0.0446078 -0.205922 -0.0757004 -0.14318 -0.0700039 -0.00395615 -0.0466067
0.0945852 0.107422 0.0909326 -0.0190065 0.0212231 0.0197801 0.0778706 0.122701 0.0981219 -0.0218766 0.022809 0.0141689
-0.248209 -0.191092 -0.124957 -0.0395134 -0.0279184 -0.0208963 -0.278471 -0.202668 -0.125179 -0.036783 -0.0177157 -0.0252465
0.0601333 0.0879182 -0.0108885 0.0103991 -0.0917444 0.0845003 0.0672648 0.080535 -0.0174285 0.0146665 -0.0773691 0.0894917
-0.024297 0.0737067 0.0357252 0.00110904 -0.0836569 -0.00269715 -0.0327741 0.0748357 0.0440639 -0.000376296 -0.0794726 -0.000605333
0.0914848 -0.0492041 -0.0547478 0.0616577 -0.050497 0.0366059 0.099435 -0.0375802 -0.067575 0.0455336 -0.056178 0.0381383
-0.029496 -0.0540463 -0.0689724 -0.0277379 -0.0811741 -0.036785 -0.0548916 -0.055217 -0.0416013 -0.0422559 -0.0618987 -0.0406379
0.0932462 -0.0498283 0.035635 -0.00897672 -0.0427125 0.0514011 0.102845 -0.0485433 0.0151281 -0.00934963 -0.038291 0.0475928
-0.0732468 -0.0693959 -0.108621 0.00323097 0.00120475 0.0536211 -0.0726316 -0.0845567 -0.0991816 0.00216393 0.000487778 0.0478555
0.094937 -0.0149088 -0.00986371 -0.125217 -0.00815623 0.116979 0.066717 -0.0289959 -0.02497 -0.103457 0.000812222 0.109572
-0.0852926 -0.0780067 -0.104026 0.00062024 -0.0230482 0.018457 -0.0903877 -0.0567924 -0.103704 0.00621437 -0.0318027 0.0155399
-0.0546276 0.0344345 -0.125707 -0.0838204 -0.0348768 -0.0605746 -0.0533074 0.036853 -0.132533 -0.0860239 -0.0421156 -0.0573713
0.00927753 0.0218937 0.0115111 -0.0313372 0.0641531 -0.0660816 0.0275224 0.0167181 0.0152478 -0.0292669 0.0576609 -0.0711759
-0.225457 -0.25794 -0.147047 -0.0448172 0.0195556 -0.0707914 -0.225523 -0.25995 -0.149303 -0.0493995 0.0299102 -0.0589087
0.0474525 0.0841083 -0.0650171 -0.00670004 -0.0124184 0.0790401 0.0635179 0.0815622 -0.0771614 0.00935089 -0.0256651 0.0699137
-0.181429 -0.0641577 -0.121213 0.00212088 -0.0241889 0.0191438 -0.185421 -0.0784884 -0.146789 0.0106039 -0.0193744 0.0222344
0.13142 -0.0302879 0.0095065 -0.049488 -0.0893479 0.0242359 0.143703 -0.0324018 0.0150846 -0.0421335 -0.0854069 0.0169158
0.0244862 -0.0581615 -0.0432254 0.000888805 -0.0615684 0.0111356 0.0204452 -0.0818842 -0.045482 -0.00282615 -0.0564476 0.0142226
0.0562153 0.122824 0.0999651 -0.0282337 0.0278598 -0.0616768 0.037866 0.124892 0.0900107 -0.0240167 0.018115 -0.0822888
0.063944 0.0313863 0.0784993 -0.0595806 -0.0256401 0.105727 0.0600704 0.0411159 0.0869303 -0.0630266 -0.0336778 0.112027
0.0339624 -0.0985971 -0.0556238 -0.12696 0.0392263 0.029543 0.0499641 -0.0939438 -0.0727176 -0.122677 0.0452945 0.0304844
-0.167732 -0.0325292 -0.180254 -0.0908194 0.104458 0.000655469 -0.189645 -0.0347349 -0.170894 -0.0921884 0.0964039 -0.00498082
-0.0865079 -0.171697 -0.172052 0.0443248 -0.0224121 0.013663 -0.0663995 -0.180682 -0.17773 0.0391242 0.00212726 0.0119751
-0.123011 -0.0141394 -0.133278 -0.0224376 0.00498445 -0.0200358 -0.137351 -0.0138337 -0.151689 -0.017294 0.0111841 -0.0141939
0.0114279 -0.0777703 -0.0584483 -0.0257134 -0.0187887 -0.0455021 0.00220074 -0.0884299 -0.0579161 -0.0339581 -0.0105057 -0.0435026
-0.0480051 -0.163463 0.0153946 -0.0794677 -0.0644144 0.0223707 -0.0652421 -0.148533 -0.00667904 -0.0802084 -0.0701806 0.0188493
-0.0727858 -0.0284291 -0.0680862 -0.0481507 0.00608043 0.0115087 -0.0759012 -0.020237 -0.0879105 -0.0525993 0.00747711 0.0189934
-0.0313724 0.0626795 0.0661175 0.0814197 -0.0732265 -0.0692979 -0.0239542 0.0516942 0.0622057 0.0690404 -0.0798082 -0.0701516
0.0712588 -0.0558813 -0.113458 0.0738234 0.030888 0.146276 0.0864477 -0.0595906 -0.10987 0.0781956 0.0242813 0.149515
0.0783779 0.048194 -0.00328838 -0.0551153 -0.0564245 0.068756 0.0401774 0.0430679 -0.000699778 -0.0577762 -0.064039 0.0635896
0.0537294 0.0373672 -0.00436957 0.0129591 0.0609398 -0.00790014 0.052679 0.0437769 -0.00142615 0.0247459 0.0578564 -0.0120241
0.0817017 -0.0503988 -0.0243248 -0.0413342 0.0256993 0.0437257 0.0544625 -0.0544226 -0.0312326 -0.0380515 0.0291473 0.0403663
0.0515803 0.0242247 0.0347299 0.0265136 0.00613583 -0.0699836 0.0168181 0.0251896 0.0311949 0.0203113 0.00382081 -0.073666
0.0495192 0.00724681 0.0939654 0.0492265 0.0624813 0.0533564 0.034061 -0.00775815 0.0957818 0.0475542 0.0604599 0.0448504
-0.0445116 -0.0498414 -0.0724456 -0.081916 0.0890227 0.0671567 -0.0334186 -0.0503756 -0.0638615 -0.0743377 0.0830944 0.0677344
-0.190856 -0.196612 -0.115352 0.011616 -0.000558879 -0.0446046 -0.224472 -0.218106 -0.13068 0.00899667 -0.00809222 -0.0359288
-0.095974 -0.0511066 -0.0595523 -0.0372445 -0.0363434 -0.0248236 -0.103635 -0.0648075 -0.0627501 -0.0326392 -0.0315525 -0.0238804
0.00126147 -0.176338 -0.0565508 -0.0475374 -0.00595452 -0.0203689 -0.01612 -0.184254 -0.0520094 -0.0550026 -0.0093783 -0.0206039
-0.0669846 0.027486 0.0156421 0.011557 -0.028164 0.0210968 -0.0554911 0.0176125 0.0125273 0.0131056 -0.0257871 0.0259879
-0.000373738 -0.0243836 -0.0277779 -0.0484262 0.00917178 0.0837083 0.00609793 -0.0254716 -0.0156379 -0.0412812 0.0105079 0.086933
0.0535261 -0.0861841 -0.0899676 0.0277246 -0.00087728 0.0159733 0.0595813 -0.0822856 -0.0732761 0.0242956 -0.0180119 0.0131921
-0.00186176 0.0103355 0.0511203 -0.000124045 0.0107173 0.026541 -0.00759474 0.0246865 0.0417839 0.0151607 0.00186489 0.0202639
-0.0200539 -0.0977735 -0.0202603 0.0553503 0.023492 0.0100232 -0.00905911 -0.125249 -0.0205083 0.0642448 0.0329741 0.00153444
0.0796431 0.0494977 0.0797417 0.0268795 0.0740496 0.0184759 0.0906908 0.0778933 0.0818125 0.0217379 0.0647305 0.0165889
0.0852509 -0.0133977 0.201594 -0.0276342 0.0103913 0.0510851 0.088977 2.02963e-05 0.184726 -0.0358313 0.0103494 0.0379693
-0.198592 -0.0724024 -0.239173 -0.00714048 -0.00617536 -0.0393319 -0.185843 -0.0697969 -0.237912 0.00343156 0.00116674 -0.0310277
-0.141184 -0.135805 -0.0528414 0.00543653 0.041341 0.00402524 -0.10654 -0.156639 -0.0607846 0.00889815 0.0503102 0.00319585
0.0468717 0.0513651 0.0294398 0.0695269 -0.106322 0.0265105 0.05865 0.0411753 0.0156596 0.0668627 -0.0947516 0.0210023
-0.21199 -0.227735 -0.114055 0.0313469 -0.0654981 -0.0273887 -0.217226 -0.198799 -0.132344 0.0282311 -0.0621084 -0.0280113
-0.211305 -0.211969 -0.185612 0.00999437 0.00833807 -0.079953 -0.179006 -0.239468 -0.185106 0.0134624 -0.00476244 -0.0718448
0.0555224 0.0774245 0.0847388 0.0405648 0.0900983 0.0400254 0.0508664 0.0835068 0.076545 0.0303234 0.0808122 0.0403461
0.0263336 -0.15935 -0.0508724 0.0386836 -0.0172435 0.0532 0.0384202 -0.156108 -0.0633787 0.0301533 -0.0128863 0.0494416
-0.18177 -0.0176531 -0.10398 0.0225183 -0.0804306 -0.103491 -0.197632 -0.0265766 -0.0868851 0.00671956 -0.0813559 -0.096595
0.00290361 -0.0736075 0.00252247 0.00924672 -0.0207078 0.0829379 0.00312807 -0.0818121 -0.000504148 0.00992052 -0.0239372 0.0866259
0.158008 0.100775 0.0800819 -0.115849 0.0395496 0.0846324 0.150158 0.114269 0.0898564 -0.0985385 0.050835 0.0650675
-0.0657109 -0.114134 -0.171881 0.0601177 0.0411463 -0.00981486 -0.0827698 -0.110152 -0.189977 0.0450447 0.0259353 0.00635378
0.0185452 -0.0496009 0.0345972 -0.0204114 0.0773619 -0.0247993 0.0316387 -0.0325785 0.0393039 -0.0135194 0.0815885 -0.0279566
-0.0567667 -0.0781786 -0.157764 0.0510361 -0.0960068 -0.077297 -0.0726141 -0.102073 -0.177196 0.0495801 -0.0744607 -0.0828161
0.13089 0.218413 0.123611 0.0243842 0.0562088 0.00375177 0.13329 0.219046 0.125597 0.0239383 0.0493783 0.00211867
0.175946 0.0182739 -0.00293759 0.021006 -0.0157334 0.101513 0.162571 0.0548116 0.00586163 0.0176815 -0.0479806 0.0948034
-0.219668 -0.121607 -0.165139 -0.0174207 0.00768968 -0.027188 -0.212951 -0.1208 -0.164082 -0.0352618 -0.00327119 -0.0384656
0.0102952 -0.00435173 -0.0494403 -0.0190705 -0.0648646 0.0214448 0.0192481 0.0398516 -0.0491715 -0.0217544 -0.0695996 0.0338812
-0.144349 -0.158603 -0.14632 -0.0185277 -0.016861 -0.0853298 -0.134145 -0.157219 -0.147994 -0.0168496 0.000873852 -0.068693
-0.018358 0.0946898 0.12664 -0.0634656 -0.0777122 -0.0159426 -0.018165 0.090546 0.134514 -0.0486478 -0.0712262 -0.00971896
-0.11124 -0.0840086 -0.195011 0.0706751 0.0346575 0.00235896 -0.107115 -0.064601 -0.209417 0.0610319 0.0153431 0.00747696
0.178463 0.165842 0.206262 0.00456843 0.00833086 0.0136175 0.16738 0.1497 0.209704 0.00207074 0.00950874 0.0107079
0.0843619 -0.0894418 0.0560122 0.0390969 -0.0552223 0.00146233 0.0905254 -0.104058 0.0478068 0.0424084 -0.0541275 0.01024
0.0108152 0.0517917 0.057122 0.0484966 -0.0302737 -0.0282507 0.000644889 0.0514095 0.0687428 0.037757 -0.0276252 -0.0146499
-0.0962041 0.043045 -0.0471632 -0.0042537 -0.0384171 -0.0817501 -0.0987513 0.0331081 -0.0584601 0.0168342 -0.0461271 -0.0898332
-0.0626202 0.0367049 0.108485 0.0356731 0.0501368 -0.00228759 -0.0598834 0.0432498 0.0711768 0.0260736 0.0363967 0.0043823
-0.142303 -0.0224662 0.0467103 -0.118689 -0.0760704 -0.068361 -0.158445 -0.0302155 0.0241204 -0.113581 -0.0756313 -0.059538
0.184981 0.0596481 0.112438 -0.134926 -0.0972727 0.0207719 0.157232 0.0625038 0.0968793 -0.135894 -0.0968271 0.0165842
0.0223874 0.0994126 0.0600575 -0.0207212 0.0313786 0.0200062 0.00996385 0.0985619 0.0480578 -0.0215064 0.0195232 0.023089
0.0711352 -0.106348 0.0973605 0.0113356 0.0819554 0.0745208 0.0748778 -0.119015 0.114415 0.00768933 0.0816694 0.0633373
-0.0347095 -0.0806877 -0.00260949 -0.058328 0.0411877 0.0110668 -0.0286994 -0.0601013 -0.00672696 -0.0610626 0.0411236 0.0235718
-0.0106164 -0.0750742 -0.067565 -0.0530255 -0.0616048 0.0654849 -0.0459214 -0.0733026 -0.0856655 -0.0546698 -0.0550393 0.0605977
0.114237 0.0163636 -0.0514939 -0.0306093 0.0232213 0.0714374 0.107205 0.0135756 -0.0613719 -0.0239116 0.0148873 0.0701158
-0.0699456 -0.0274865 -0.0489875 0.0322405 0.0145422 -0.0190686 -0.0867081 -0.0161005 -0.0561067 0.032144 -0.00537467 -0.0099563
-0.236864 -0.154529 -0.269494 0.0093292 -0.00686634 -0.0634811 -0.255565 -0.134514 -0.252121 0.0133605 -0.0133561 -0.0624164
-0.0821796 0.0117353 -0.134463 0.0737022 -0.0626492 -0.0348833 -0.0753441 0.00444 -0.151721 0.0738506 -0.0567425 -0.0277006
-0.0453907 -0.054213 -0.0422242 0.00565279 0.0761333 0.0199453 -0.0424855 -0.0656548 -0.0352641 0.00880615 0.0547924 0.012735
-0.00318854 0.0700796 -0.0334586 -0.0115715 -0.0468243 -0.01586 -0.0254388 0.0541661 -0.0388273 -0.00839741 -0.0530597 -0.0109067
-0.0391634 -0.127221 0.0268739 -0.0052888 -0.15323 0.029135 -0.0574527 -0.16376 0.00878926 0.00526985 -0.126522 0.0293159
-0.0171197 0.0426111 0.0668388 0.0203447 0.0158785 0.0186263 -0.0227788 0.018429 0.073208 0.0228084 0.0146403 0.0226866
-0.0523922 -0.000170299 -0.105744 -0.0507374 0.0429732 0.00282141 -0.0551894 -0.00872304 -0.100887 -0.0538144 0.0433569 0.010095
0.0059754 -0.0504291 -0.0673762 -0.00749719 -0.014408 -0.0319954 0.0049517 -0.0681199 -0.0697074 -0.0121739 -0.00506104 -0.0236858
-0.176035 -0.0613629 0.00406388 -0.0801168 0.0646216 -0.132016 -0.160401 -0.0675784 -0.0265361 -0.0663162 0.0642361 -0.127745
0.00766002 0.0724271 0.0384911 0.0305339 0.0295094 0.0037706 -0.00748074 0.0450797 0.0395021 0.0256094 0.0438872 0.00608148
-0.165435 -0.146234 -0.185826 0.0329626 -0.00700164 -0.0579952 -0.162288 -0.15505 -0.188236 0.0352128 -0.00625659 -0.0458419
-0.147124 -0.14227 -0.146851 0.0429602 -0.0563513 -0.0108904 -0.153237 -0.113538 -0.143731 0.0384079 -0.053543 -0.00622659
-0.0209319 0.0508214 0.0907724 -0.038729 0.0507831 -0.0616098 -0.00964052 0.0530659 0.0764766 -0.036988 0.0410904 -0.0717371
0.0609163 -0.0958449 0.0453459 -0.0127145 -0.107119 0.0399607 0.0532658 -0.0998076 0.040446 -0.00432474 -0.102075 0.035869
-0.215797 -0.165732 -0.103149 -0.0307744 -0.0221139 -0.0126392 -0.225651 -0.179897 -0.124304 -0.0333427 -0.0154779 -0.0133227
-0.116597 -0.123471 -0.130313 0.0256365 -0.0672901 -0.0329339 -0.105349 -0.129543 -0.147524 0.0220298 -0.0638341 -0.0369807
0.0269361 -0.0583688 0.12353 -0.00134034 0.0250741 0.102419 -0.006462 -0.0826115 0.106361 -0.0156796 0.0195305 0.100174
0.0207245 0.158627 0.0673577 0.0558931 0.0459446 -0.0394731 0.0327816 0.166462 0.073192 0.0473461 0.0378301 -0.049449
-0.216904 -0.0439612 -0.0762452 -0.0202546 -0.0861456 -0.0237736 -0.206352 -0.0458461 -0.0643331 -0.0136164 -0.0796424 -0.0226395
-0.0752151 -0.188052 -0.0935938 0.0393147 -0.100018 -0.0126752 -0.0562253 -0.190105 -0.123681 0.0453559 -0.11024 -0.0138752
-0.244641 -0.283416 -0.219478 0.0985975 -0.0215857 -0.0523969 -0.251956 -0.262685 -0.217822 0.097388 -0.0272119 -0.0538553
0.132341 0.121595 -0.0107108 -0.0386239 0.0840449 0.00424787 0.138229 0.127876 0.0181455 -0.0209939 0.0645927 -0.0243497
-0.0462053 -0.055056 -0.02753 0.0574626 0.0464373 -0.0132732 -0.0515646 -0.0759884 -0.0425493 0.0497698 0.0451784 -0.0198667
0.187133 0.145073 0.190524 0.04487 -0.0291515 0.0812191 0.162079 0.141904 0.223227 0.0360142 -0.0274967 0.0758739
0.029731 -0.0371985 0.0294916 -0.0518457 0.0617936 0.00272562 0.0329668 -0.0386176 0.0357701 -0.0342493 0.0611601 -0.0182833
0.104992 -0.0594339 -0.0606242 -0.0342264 0.00979501 0.152454 0.112042 -0.0518804 -0.0774238 -0.0138483 0.0109407 0.150898
-0.0694575 -0.0704568 -0.0512311 0.0674565 0.0489407 0.00835618 -0.094336 -0.0959583 -0.0399756 0.0734781 0.0505989 0.00204274
-0.0422397 -0.0498708 -0.0341812 0.0253482 -0.0140529 -0.0790708 -0.0800104 -0.0807412 -0.0868685 0.027127 -0.0130474 -0.0628952
0.0239461 0.0653622 0.0957681 -0.0725971 -0.0581385 -0.0508495 -0.0175193 0.0281492 0.0525879 -0.0758579 -0.0572389 -0.0630735
-0.126618 -0.00100591 0.0117671 -0.0067864 -0.0312047 -0.0778383 -0.145983 -0.0681219 -0.0367345 -0.0144273 -0.0357138 -0.0636596
0.0172384 0.023777 0.0403836 0.0185025 0.0864303 -0.0318608 0.010971 0.00934978 0.0435421 0.0199739 0.0863772 -0.0224673
-0.076425 0.0236726 -0.0424424 0.0545013 -0.0586308 0.0168628 -0.0900499 -0.000995037 -0.0667119 0.0564552 -0.0574221 0.0157192
-0.222279 -0.20296 -0.216484 -0.00832864 0.0528213 -0.0949245 -0.202768 -0.212461 -0.222349 -0.00500593 0.0560725 -0.0929146
0.0388135 0.0183871 0.016128 0.0113926 0.00494536 0.0379376 0.041502 -0.00431452 0.0420304 0.0140061 -0.00302467 0.0392623
-0.0658571 0.0210139 -0.127117 0.0510514 0.0711162 -0.00975165 -0.0830395 -0.000607482 -0.106848 0.0382594 0.0629064 -0.00982059
-0.109797 -0.0131994 -0.165174 0.0571313 0.0406651 -0.0203949 -0.130429 -0.0402311 -0.165429 0.0493656 0.0453291 -0.0263916
0.0324113 -0.164622 -0.150376 -0.0290494 -0.0393218 0.0845155 0.0220302 -0.160009 -0.137341 -0.0196328 -0.0359764 0.0815273
-0.030525 -0.103836 -0.0681986 0.0470918 0.0306834 0.0594368 -0.0320555 -0.125142 -0.0915012 0.050108 0.0212046 0.0600218
-0.0449668 -0.00272296 -0.0176355 -0.0680308 0.104094 -0.0631758 -0.0638841 -0.0266813 0.0097843 -0.0552137 0.103151 -0.0525707
-0.069344 -0.17837 -0.236673 -0.00670846 0.0302174 0.00578419 -0.0876667 -0.210906 -0.237683 -0.0120513 0.0284644 -0.0116867
0.0525209 0.0596997 0.11023 -0.0264111 -0.0881617 -0.00147994 0.0339247 0.0662382 0.111695 -0.0324169 -0.0924412 0.00534252
-0.19332 -0.0077505 -0.106496 -0.00221888 -0.0903938 -0.0672909 -0.234777 -0.0564928 -0.109127 -0.00973178 -0.0891273 -0.0651597
0.0426312 0.152387 0.132174 0.000906021 0.0396501 0.0172571 0.0537676 0.137149 0.124252 0.0019 0.0432556 0.0147396
0.00675279 -0.0500876 0.165571 0.129445 -0.113377 0.0148714 -0.00144822 -0.0670392 0.1621 0.121019 -0.104911 0.00180556
-0.0696592 -0.114263 -0.131452 0.0700473 -0.0282213 0.00389864 -0.0965893 -0.135416 -0.11804 0.0715201 -0.0409774 0.0030463
0.00625865 0.0521046 -0.073418 0.0401057 0.0311778 0.0163405 1.34815e-05 0.0473286 -0.0627991 0.0423362 0.0243586 0.0138263
0.00189774 -0.0420192 -0.0869324 -0.0211179 0.0982819 0.0408797 0.00426444 -0.0450479 -0.0580584 -0.00998607 0.100395 0.0338082
-0.223286 -0.0709611 -0.0691115 -0.0155915 0.0283623 -0.0827873 -0.199315 -0.0887674 -0.0874049 -0.0126442 0.0242763 -0.0841711
-0.150144 -0.25094 -0.0439183 0.0163445 -0.06658 -0.132811 -0.150474 -0.236492 -0.0569446 0.0138578 -0.068647 -0.128446
-0.0346288 0.0170852 -0.060563 -0.0318741 0.103093 0.0134232 -0.0463787 0.00728511 -0.073944 -0.0317704 0.10237 0.00682733
-0.0701176 -0.138881 -0.121583 -0.0533978 -0.133015 -0.0139646 -0.0708116 -0.150082 -0.115058 -0.0475268 -0.132814 -0.0122767
0.0305457 -0.0191842 -0.020312 0.056402 0.0010445 0.0441088 0.0317758 -0.019092 -0.0148406 0.042051 0.0111381 0.0429636
0.131917 -0.0355581 0.0640087 -0.112342 0.0441865 0.0711023 0.134624 -0.0471058 0.0722004 -0.0893547 0.0425017 0.0642919
0.0227685 -0.0374529 0.042077 0.0790824 0.0325636 0.0302614 0.0281764 -0.0403632 0.048245 0.0860559 0.0326025 0.0291317
0.0649709 0.0543469 -0.0330729 0.0567906 -0.00956642 0.0329284 0.0692567 0.0673618 -0.0426304 0.0594038 -0.0170353 0.0265558
-0.0291071 0.0428156 -0.00861786 -0.0289013 -0.0214189 -0.0392543 -0.0366902 0.051353 0.0119664 -0.0332608 -0.0225768 -0.0380244
0.030752 0.0491157 -0.0329702 0.00246173 0.0325793 0.00378014 0.0172658 0.0511951 -0.0239793 0.0064063 0.0298956 0.00599578
-0.13389 -0.100895 -0.111158 0.0625918 -0.0235108 -0.0145888 -0.114722 -0.117876 -0.0930526 0.0691113 -0.0226482 -0.00511259
-0.0370733 -0.154999 -0.0548567 -0.0624807 0.0342362 -0.069478 -0.0547191 -0.158909 -0.0664313 -0.0554121 0.036721 -0.0758647
-0.10657 -0.206227 -0.217959 0.0350711 -0.0635713 -0.0134429 -0.107396 -0.200729 -0.246086 0.0282603 -0.0580764 -0.0165627
-0.0396302 -0.173804 -0.0982273 -0.0642348 0.00444939 0.08029 -0.042959 -0.14994 -0.108582 -0.0610185 0.0132798 0.078935
0.0550398 -0.0224275 0.00574763 -0.0226519 -0.0538223 -0.0136498 0.0423487 -0.00349267 -0.00659326 -0.0232649 -0.0607869 -0.0153805
0.096451 0.109231 0.021625 0.0544752 -0.00228263 0.0543034 0.102853 0.104653 0.0326353 0.0560916 -0.00157844 0.0481391
0.000808202 -0.0398553 -0.0412355 -0.0128878 0.0264084 0.0280983 0.0105729 -0.0542419 -0.0245807 -0.00983133 0.0285531 0.0224077
-0.225144 -0.0458448 -0.0540455 0.00646201 0.0283382 -0.00712733 -0.221065 -0.0647593 -0.0470413 0.00952474 0.0333016 -0.003908
0.0412449 0.111211 0.0064421 -0.0104051 0.00685262 -0.0262847 0.0178645 0.123395 -0.00222541 -0.0151756 0.00820252 -0.0234193
-0.249643 -0.234728 -0.231801 -0.0216308 -0.0699879 -0.0327196 -0.243048 -0.222831 -0.222863 -0.0208396 -0.0717258 -0.0281114
-0.0392624 -0.119 -0.0960981 0.00108239 -0.0466242 -0.0111562 -0.0380988 -0.102766 -0.0844784 0.00239689 -0.0511021 -0.0156719
0.00423308 -0.00888357 -0.0408105 0.00117731 0.0268458 0.0121391 0.00695741 0.00476807 -0.040801 0.00468022 0.0221123 0.00905867
-0.000782617 -0.0548331 -0.0450212 0.0282832 0.0266952 0.00174549 0.00283896 -0.0452371 -0.0500933 0.0240319 0.0214382 -0.00395622
-0.216525 -0.0941763 -0.0373354 -0.011054 -0.0431655 -0.051052 -0.224126 -0.119553 -0.0304052 -0.0241761 -0.0364321 -0.0480551
0.00488997 0.0685791 0.174558 -0.0270351 0.00417621 0.00127015 0.0102339 0.072466 0.162045 -0.0312502 0.0154373 0.00433637
-0.0304031 -0.0118504 0.0134969 0.00414369 -0.011914 0.0197287 -0.0245627 -0.00310844 -0.00396978 0.00582504 -0.00803822 0.0208899
-0.0603978 -0.107961 -0.114159 -0.0352283 -0.0284087 -0.0304641 -0.0583866 -0.120894 -0.130202 -0.0393297 -0.0364279 -0.0355112
0.0836055 -0.0638261 -0.112012 0.00542141 -0.00366412 0.078087 0.0783394 -0.0538039 -0.111025 0.00403844 -0.00643022 0.0720536
-0.0297595 -0.0312317 -0.0217801 -0.00437871 0.0321782 0.0184658 -0.0274427 -0.0453023 -0.0314098 -0.00575541 0.0331959 0.0136559
-0.0774115 0.0347167 -0.0876137 0.017374 -0.0268368 -0.00517765 -0.0748301 0.0217337 -0.0702634 0.0165628 -0.0216516 -0.0030997
-0.0278407 -0.0715446 -0.080802 -0.0160834 -0.0159363 -0.00337343 -0.0280053 -0.0807234 -0.0857219 -0.00911956 -0.017033 -0.00245496
-0.0443033 0.0619589 -0.0102122 -0.0627137 0.0659542 0.0989723 -0.0493296 0.0798062 -0.0179626 -0.0635841 0.0561387 0.097207
-0.144187 -0.119204 -0.0997856 -0.00675068 -0.00172324 0.00956151 -0.150675 -0.119465 -0.108426 -0.0111037 0.001398 0.0168589
-0.0862101 -0.135535 -0.163978 0.0500847 0.113101 -0.0280338 -0.0648634 -0.157816 -0.146632 0.0445779 0.0992013 -0.0267914
-0.0427304 -0.0609122 -0.0961949 0.0174659 -0.0195146 -0.00385585 -0.0415996 -0.0824571 -0.104588 0.0248701 -0.0214624 0.00151126
-0.165858 -0.135843 -0.151313 -0.00170398 -0.0541993 -0.0257701 -0.16091 -0.143786 -0.155373 -0.00290874 -0.0483177 -0.0190153
-0.145795 -0.1132 -0.144009 0.0251431 0.0118371 -0.012873 -0.136169 -0.120153 -0.159396 0.0306363 0.00293778 -0.0154879
-0.0399248 -0.0650234 -0.0044249 -0.00838356 0.00672641 -0.00979453 -0.0411464 -0.0847814 -0.00359267 -0.00148556 0.00947467 -0.000945407
-0.0460507 -0.098528 -0.0165023 -0.013891 0.0156802 0.0134973 -0.0437522 -0.0657271 -0.0131785 -0.0102196 0.0241414 0.0130621
-0.0174125 -0.0466734 -0.0272414 0.00643484 0.00361831 -0.0237456 -0.0227723 -0.0605927 -0.0530849 0.00889533 0.00810356 -0.0199087
-0.0089496 -0.00972357 -0.0746882 0.0191899 -0.0933446 0.026908 -0.0111649 -0.0181499 -0.0920924 0.0150079 -0.0875376 0.0314487
-0.0159554 0.130913 0.0567789 -0.00974252 -0.00628946 0.0113306 0.00972726 0.128134 0.0345624 -0.00643311 -0.0204248 0.00144304
0.0177171 0.105417 0.0624465 -0.000370822 0.0426259 -0.0264942 0.0238504 0.0963903 0.0263237 -0.00918726 0.0412697 -0.0370536
-0.000548478 0.0113945 -0.0439083 -0.00729228 0.000129282 0.0173625 -0.00329474 0.0135018 -0.0570128 -0.000952296 0.0172373 0.00785556
-0.0927565 -0.050055 -0.0868415 0.00201614 -0.0198509 -0.00394859 -0.0583838 -0.040803 -0.089235 0.00621437 -0.0122716 -0.00837593
0.118436 0.0520998 0.161815 -0.0118214 0.0899977 0.0508481 0.145466 0.075877 0.137041 -0.00689452 0.0939404 0.046234
-0.19144 -0.166397 -0.141892 0.0189579 -0.0535167 -0.0467841 -0.213072 -0.151679 -0.147631 0.016232 -0.0510755 -0.0424877
-0.139522 -0.0522753 -0.111603 -0.0459059 0.0705445 0.0612073 -0.124066 -0.0877002 -0.116635 -0.0431582 0.063663 0.0664303
-0.11002 -0.259058 -0.197739 0.0282478 -0.0168212 0.0200297 -0.0991379 -0.26004 -0.196897 0.0226572 -0.0127777 0.0174031
0.0362313 -0.00495143 0.0231279 -0.0171396 0.0242576 0.00875722 0.0481269 -0.0114984 -0.00235111 -0.0135089 0.0252294 0.00582378
-0.0223393 -0.0897538 -0.100138 -0.0232826 -0.0187396 -0.0159114 -0.00960541 -0.112378 -0.0977867 -0.0225345 -0.0174623 -0.0178921
0.0617615 -0.0205761 0.0969056 0.0608311 -0.0436023 0.0114142 0.060485 -0.0271963 0.101522 0.0569218 -0.0336816 0.0121941
0.024324 0.0508041 -0.0244926 0.0387787 0.0249648 -0.0234162 0.011666 0.0428881 -0.012976 0.0300167 0.0191377 -0.0250792
-0.0743081 -0.105802 -0.0531346 0.00344164 -0.0478329 0.0432059 -0.100575 -0.124855 -0.0617167 0.00927593 -0.0485367 0.0391574
-0.00760053 -0.0331682 0.000953797 0.029856 -0.0486262 0.0115021 0.003268 -0.0300405 -0.0119786 0.0333521 -0.0503442 0.0202715
-0.0518645 -0.0524681 -0.0898783 0.0107127 0.059199 0.0327415 -0.0542397 -0.0200249 -0.0936327 0.00608926 0.0533488 0.0202457
0.0461979 0.0689311 0.0254749 0.0243854 0.0369694 0.0399166 0.0292696 0.0618001 0.016415 0.0253103 0.0415621 0.0467782
-0.0600516 0.0586264 -0.129691 -0.00878869 -0.0159116 -0.0409354 -0.0676456 0.0555459 -0.123492 -0.000426148 -0.0160088 -0.0341576
-0.049142 -0.0767044 -0.066256 -0.0451445 0.0496312 -0.0324383 -0.0487557 -0.069249 -0.08266 -0.0557476 0.046532 -0.0264117
0.0149889 0.018167 0.0709717 0.00247683 0.00706818 0.0402405 0.00768333 0.016373 0.0707369 0.0014543 0.0158995 0.0383962
-0.112971 -0.1628 -0.158639 -0.0280805 -0.151271 -0.128412 -0.111261 -0.161993 -0.143547 -0.0278314 -0.144456 -0.124019
-0.151404 -0.137264 -0.138236 0.00552032 -0.0132755 0.0385695 -0.123464 -0.136749 -0.169634 -0.00201059 -0.0121498 0.0398836
-0.0543234 -0.0245242 -0.113269 -0.0156328 0.0498144 0.00219958 -0.0474853 -0.0251916 -0.113132 -0.0186529 0.0512244 0.00188615
-0.0182862 0.0865427 0.0222057 -0.0553777 -0.0397929 -0.0132216 -0.0180761 0.0909391 0.0391233 -0.0490857 -0.0419402 -0.0150487
0.0957728 0.0958334 -0.0437608 0.060601 -0.0650296 0.0297156 0.0918226 0.114982 -0.043047 0.0773833 -0.0575579 0.0312374
-0.0190136 -0.0552025 -0.0266164 0.029809 -0.0320601 0.00324375 -0.0225031 -0.0640368 -0.0349256 0.0414456 -0.0357072 -0.00504259
0.18491 0.156763 0.157522 0.0282801 -0.0116727 0.0354986 0.177304 0.156745 0.147262 0.0236159 -0.0122848 0.033202
-0.0908982 -0.119165 0.0463871 -0.0301598 -0.0172262 -0.144356 -0.110147 -0.124589 0.0661162 -0.0401019 -0.0383978 -0.126867
-0.0302994 -0.038014 -0.0509385 -0.00393027 -0.00650912 0.0136342 -0.0240937 -0.0366317 -0.0430944 -0.0176053 -0.00670118 0.00890956
-0.131839 -0.0462712 -0.103858 -0.0559266 -0.00833728 -0.0420341 -0.152394 -0.0443148 -0.0929996 -0.0533086 -0.00480341 -0.0437781
-0.123034 -0.143155 -0.0730979 -0.0563766 0.00446719 0.00452322 -0.136658 -0.135174 -0.0853383 -0.0504496 0.00810741 0.00595689
0.00945843 -0.094922 0.00647758 -0.0535059 0.0259922 -0.0312357 0.00298481 -0.0967347 0.0135956 -0.0432756 0.0282336 -0.0227737
-0.0421771 -0.0906497 -0.0674582 0.0219893 -0.025835 -0.064469 -0.0474154 -0.0976616 -0.0622487 0.0258317 -0.0425753 -0.069581
-0.158616 -0.164095 -0.174551 -0.0331249 -0.0243454 0.070775 -0.149254 -0.181795 -0.148729 -0.0306921 -0.0276045 0.0699389
0.0272658 -0.123766 -0.0495918 0.0292969 0.0799034 0.00737089 0.047606 -0.145141 -0.0549372 0.0253751 0.0720452 0.0110954
-0.0137641 0.0537942 -0.0701172 0.0274026 0.020318 -0.0687072 -0.0268693 0.0461404 -0.058033 0.0343206 0.0143597 -0.0735351
-0.0133859 -0.0473846 -0.0457017 -0.0166179 0.00991655 -0.0621855 -0.0186207 -0.0463581 -0.0399933 -0.0119601 0.0125983 -0.0560734
-0.00958515 -0.0175847 -0.0557743 0.00671277 -0.0117749 0.0245057 -0.00548422 -0.0319213 -0.0558179 0.013692 -0.0119687 0.0265799
0.0273765 -0.0228637 -0.0110198 0.00324009 -0.0215501 0.00631589 0.0374464 -0.0545562 0.00440504 0.00295119 -0.0233033 0.00189615
-0.0454954 -0.0877105 -0.0204814 -0.0800609 -0.123761 -0.0376325 -0.0427467 -0.083763 -0.029067 -0.0635938 -0.1098 -0.0320971
0.00488864 -0.0989051 -0.0848773 0.0620769 -0.00967647 -0.019489 -0.0291099 -0.0835598 -0.0755241 0.0642599 -0.00354459 -0.0163841
-0.0988304 -0.149897 -0.18828 0.119758 0.000634542 -0.0239044 -0.10167 -0.14115 -0.19361 0.121865 -0.00525378 -0.0277917
-0.0688077 -0.0813396 -0.0840726 0.00845838 0.00383834 -0.0102751 -0.0789849 -0.0866711 -0.0898943 0.0172711 0.00467252 -0.00428237
0.000117755 -0.0438837 -0.101428 -0.0705552 -0.00348834 -0.0178656 -0.00099075 -0.0507967 -0.091876 -0.077999 0.0034985 -0.0188985
0.113008 0.152069 0.152295 0.0867674 0.0707731 0.0425404 0.124105 0.135011 0.175504 0.0866932 0.0713748 0.0285375
-0.0799574 -0.133925 -0.111661 -0.152947 -0.118247 0.0572235 -0.115191 -0.163133 -0.135825 -0.14037 -0.145109 0.0632733
0.140016 0.225698 0.0812085 0.047325 0.0794846 -0.0128196 0.133749 0.217605 0.105479 0.0489265 0.0594863 -0.0130203
-0.305753 -0.30773 -0.265052 -0.0614035 -0.0907652 -0.00549481 -0.298646 -0.302928 -0.254337 -0.060649 -0.0939123 -0.0201108
-0.153908 -0.244041 -0.235881 0.175519 -0.0140033 -0.120341 -0.16658 -0.237382 -0.219952 0.164986 -0.010725 -0.106686
-0.105351 -0.0590694 -0.292548 -0.0875136 -0.0143479 0.0683163 -0.1055 -0.0849832 -0.30498 -0.0855777 -0.025764 0.070014
0.182419 0.0734076 -0.0674693 0.0259112 -0.137424 0.0955946 0.204464 0.0631925 -0.031989 0.0279265 -0.127884 0.0816042
-0.195288 -0.18963 -0.258825 -0.0620086 -0.0972412 -0.0452994 -0.179955 -0.197054 -0.266246 -0.0566675 -0.116889 -0.0458468
-0.181792 -0.0770986 -0.24095 0.0442786 0.133899 0.0664417 -0.143497 -0.0994695 -0.278174 0.0264807 0.146973 0.065365
-0.158836 -0.0327071 -0.0732063 -0.0668747 -0.0987666 -0.0734482 -0.172203 -0.044796 -0.0580595 -0.0906473 -0.079894 -0.0636277
-0.114536 0.148075 0.222415 0.0221547 -0.0418502 -0.019591 -0.110939 0.140201 0.234128 0.0301432 -0.0201277 0.0112262
-0.0712632 -0.206474 -0.12965 0.111158 0.0599789 0.00946656 -0.087249 -0.194502 -0.134154 0.0968838 0.0507208 -0.0132335
0.162977 -0.0586613 0.0168516 -0.0159198 0.00056877 0.0886633 0.149371 -0.00528525 -0.008596 -0.0095985 -0.0104052 0.0796468
-0.288746 -0.196876 0.021303 -0.133862 -0.0921752 -0.0629712 -0.295126 -0.172977 -0.006682 -0.119616 -0.0994513 -0.070854
-0.0251099 -0.0441983 -0.175955 -0.183671 0.0933523 0.0569496 -0.0285725 -0.0488015 -0.167486 -0.191829 0.0931015 0.060534
-0.151038 -0.202251 -0.234889 -0.0902916 -0.0919821 0.0189802 -0.137246 -0.188614 -0.220408 -0.0733275 -0.0882125 0.0259928
-0.00434959 0.199745 -0.0201608 0.0227187 -0.0699358 0.173186 0.0073445 0.207996 -0.014617 0.0019295 -0.0643605 0.175051
0.0966189 0.0275627 -0.0524716 0.0826162 0.0478955 0.0121107 0.0883615 0.024124 -0.057916 0.0889125 0.0192075 0.011894
-0.182978 0.0740322 -0.0530464 -0.0120097 -0.120963 -0.0273513 -0.194758 0.0718737 -0.019626 -0.017471 -0.112951 -0.0196702
-0.274555 -0.28822 -0.0919207 -0.0384371 -0.0673138 0.0586864 -0.287618 -0.289938 -0.0983922 -0.0319865 -0.05546 0.0581672
0.0209768 -0.0953465 -0.00391393 -0.100398 -0.0289141 0.0755123 0.0118705 -0.119346 -0.00877025 -0.102965 -0.0365135 0.0839937
-0.223458 -0.111577 -0.116465 -0.0201626 -0.182202 -0.076015 -0.227642 -0.10602 -0.138198 -0.0350868 -0.169398 -0.0618558
0.157232 0.189048 0.158166 0.0436396 -0.0265218 -0.028441 0.159142 0.187142 0.143349 0.0367423 -0.021577 -0.0331176
-0.0398432 -0.105934 -0.177931 -0.0709267 0.105071 0.1295 -0.0654268 -0.111746 -0.16591 -0.0667405 0.101187 0.136211
0.0455846 0.141952 -0.115191 0.120358 -0.0991204 -0.0265506 0.0620358 0.150825 -0.0852287 0.0940848 -0.0876257 -0.0282185
-0.0681047 0.123213 -0.249203 0.0029828 0.00270462 0.0569674 -0.0559223 0.111072 -0.245849 -0.00877575 -0.004826 0.0535585
-0.2358 0.0375072 -0.211576 0.0109318 -0.165325 0.0406227 -0.240549 0.021218 -0.193329 0.00197575 -0.173684 0.0517582
-0.031706 -0.201018 0.00568136 0.00233789 0.0484997 0.0183424 -0.0528607 -0.192061 -0.0120498 -0.018106 0.0468768 0.0269798
0.0849084 0.0465672 0.19507 0.023894 0.0638402 -0.0225575 0.0828172 0.0820227 0.219928 0.0363115 0.0526422 -0.0399287
0.126247 0.1055 0.0813179 0.0759837 -0.0513776 -0.00514104 0.124598 0.116994 0.0430952 0.0781187 -0.0585405 -0.0013405
-0.00377023 -0.160162 -0.264871 -0.0693423 -0.0901602 0.0905237 -0.00495825 -0.123294 -0.255749 -0.063714 -0.0993022 0.085123
0.0172068 0.157003 0.123563 -0.138932 -0.0760046 0.0787373 0.0373098 0.143333 0.148142 -0.141612 -0.0832253 0.090102
0.123233 0.176838 0.0253403 0.0160119 0.184525 -0.0642769 0.140988 0.222411 0.0574557 0.0133925 0.174693 -0.053303
-0.178337 0.0563241 -0.0418873 -0.168748 -0.107686 -0.0103282 -0.177407 0.00489375 -0.038276 -0.156868 -0.122367 -0.00087075
-0.0304698 -0.0478245 0.0435032 0.0496997 0.0792957 -0.189954 -0.032869 -0.051165 0.049193 0.0514195 0.056573 -0.190519
-0.00970431 -0.164275 -0.175212 0.00671857 -0.0866623 0.0567323 -0.0139508 -0.151875 -0.203833 0.0021325 -0.091737 0.0420613
-0.0842362 -0.0789612 -0.0941784 0.0133958 0.0351031 -0.0112656 -0.0698633 -0.0608563 -0.0822137 0.0171541 0.0463122 -0.0147017
-0.0928408 -0.220473 -0.171724 0.0158072 -0.0540679 0.0695771 -0.0997065 -0.208877 -0.193751 0.0121242 -0.0610688 0.0549915
0.057609 0.050019 0.136304 -0.0199858 0.117225 0.0196081 0.0650747 0.0587798 0.16163 -0.0119412 0.115398 0.0295193
0.191211 0.235373 0.240995 0.0274898 -0.038834 0.00465069 0.176188 0.211019 0.252804 0.0194063 -0.0337123 0.00923081
-0.286722 -0.283628 -0.151339 0.00833302 0.0132814 -0.0273414 -0.298013 -0.290636 -0.168875 -0.00619252 0.00616163 -0.0129201
-0.220034 -0.290182 -0.331964 -0.010814 -0.068264 -0.0982832 -0.204545 -0.303119 -0.312923 -0.0126112 -0.0688099 -0.0952799
-0.0110218 -0.0510542 -0.0159338 -0.0185381 -0.0142492 0.00527281 -0.00725193 -0.0536209 -0.0249023 -0.015504 -0.0251144 0.00867207
-0.178543 -0.177113 -0.224105 0.0192738 0.0337491 0.00733026 -0.189184 -0.164925 -0.239301 0.0249633 0.031927 0.0085763
-0.201972 -0.118755 -0.261309 -0.0639699 -0.0196767 0.0071541 -0.177711 -0.125349 -0.250637 -0.0624271 -0.0185545 0.0102467
-0.0290395 0.146424 -0.226804 0.129938 0.0932358 0.0318342 -0.0376908 0.132856 -0.207111 0.111012 0.072093 0.03182
0.193661 0.102542 0.190544 0.0114135 -0.0310465 0.0247644 0.180447 0.0957605 0.193973 0.0171117 -0.025341 0.0313316
0.206449 0.175672 0.174708 -0.0179576 -0.0301321 0.0214929 0.205277 0.183603 0.160516 -0.026801 -0.0496301 0.0191059
0.106013 0.124564 0.162419 0.0566469 -0.0162431 -0.0408869 0.108826 0.130832 0.165953 0.056592 -0.014292 -0.0410429
0.120957 0.14918 0.139063 0.0154792 -0.0496367 0.0169454 0.108837 0.144456 0.131492 0.00817244 -0.046267 0.0110535
0.100344 0.193651 0.170372 0.0460143 0.0257999 0.0306981 0.109259 0.211011 0.153491 0.0501619 0.0363776 0.0338607
0.1519 0.160028 0.176617 0.0767041 0.0640371 0.0528473 0.13225 0.169343 0.190288 0.0746279 0.0667178 0.0584505
0.161991 0.205153 0.181657 0.0149949 0.0202711 -0.00475642 0.17578 0.198814 0.181852 0.0166097 0.026994 -0.00305659
0.0919831 0.173937 0.208488 0.0343697 0.0569678 0.00409341 0.0965278 0.177279 0.202368 0.0353031 0.0596596 0.00857659
0.041946 0.068773 0.124956 0.00129342 0.0269533 0.0480998 0.0444047 0.0762278 0.09604 -0.00185504 0.0362864 0.0380359
0.117219 0.145479 0.185207 0.0198641 -0.0184942 -0.00966517 0.134458 0.164626 0.170779 0.0168281 -0.0204586 -0.0116044
0.074932 0.0864325 0.15806 0.0678392 0.0716297 0.0257364 0.0741812 0.0764227 0.171517 0.051377 0.0718508 0.0230673
0.147566 0.0879828 0.160545 0.0641901 0.0102437 0.0180138 0.162776 0.071291 0.164431 0.0629187 0.014662 0.0193205
0.0839457 0.0879385 0.185024 0.0090033 -0.00143185 0.0363872 0.0723926 0.0733173 0.205578 0.0140561 -0.00207119 0.0325938
0.10541 0.169711 0.153051 0.0270538 -0.00866692 -0.0157105 0.10343 0.187708 0.14584 0.023033 -0.015916 -0.0175924
0.200051 0.162948 0.165447 0.0138544 -0.0141045 0.0285923 0.209947 0.160706 0.149926 0.0225358 -0.00368319 0.0285019
0.0900384 0.0771529 0.146599 0.000675986 0.0100085 0.0336481 0.0882244 0.0637755 0.154652 -0.000722518 0.0153359 0.0400487
0.107647 0.0864545 0.162997 0.0156161 -0.0172308 -0.00244705 0.109631 0.109818 0.125942 0.0253781 -0.0226449 -0.00991667
0.14516 0.122296 0.182045 0.0405485 0.0360922 -0.0277582 0.128009 0.133037 0.164004 0.0377635 0.0338806 -0.0354353
0.193702 0.162609 0.25017 0.048045 0.0385577 0.0112007 0.1778 0.167132 0.234712 0.0444756 0.0375868 0.0170992
0.112389 0.168831 0.201421 -8.03292e-05 0.0110688 -0.0347535 0.110873 0.168986 0.21969 -0.00803422 0.0244209 -0.0452843
0.0574721 0.095269 0.0833728 0.0585456 0.0149685 -0.0140675 0.0598047 0.0920953 0.0948099 0.0555184 0.0144334 -0.0231559
0.166274 0.196555 0.178656 0.0331435 0.0372757 -0.0143073 0.161054 0.197147 0.174803 0.0292704 0.0270156 -0.0202159
0.119371 0.10014 0.164078 -0.0170264 -0.0238284 -0.021421 0.119143 0.0999764 0.1535 -0.0195276 -0.0271156 -0.0190359
0.110851 0.187908 0.0984377 -0.00194691 -0.029867 -0.0345318 0.111275 0.184274 0.0998137 -0.00710119 -0.027413 -0.0340994
0.204848 0.13529 0.176666 0.00146751 0.0286292 0.0279453 0.219806 0.129604 0.17992 0.012879 0.0299271 0.0195001
0.142129 0.0539072 0.114212 0.0248602 0.0220567 0.0970667 0.13623 0.0640573 0.121355 0.0192973 0.0204464 0.0935646
0.264302 0.166709 0.212646 -0.0218088 -0.0221751 -0.00568916 0.26598 0.187917 0.209205 -0.026332 -0.0196393 -0.00919615
0.0862564 0.0636068 0.0787539 0.0492282 -0.0349486 0.0241728 0.0817165 0.070436 0.0850036 0.0500033 -0.0371104 0.0162713
0.0969191 0.0887089 0.0762858 -0.0594983 0.00824683 0.00881392 0.0813923 0.0895864 0.0929664 -0.0552551 0.00955193 0.00963911
0.110054 0.115383 0.116103 0.019905 0.00378333 0.0141678 0.0945824 0.12937 0.129159 0.0156281 0.00490622 0.00975837
0.207591 0.15077 0.200434 0.0741228 -0.0340296 0.014019 0.187603 0.160031 0.2217 0.0658077 -0.0461718 0.0114411
0.0964025 0.10429 0.146626 0.0595968 -0.0868967 -0.0387362 0.0881161 0.115731 0.143686 0.0633852 -0.0903621 -0.0456806
0.0612094 0.0920709 0.0888765 0.0474582 0.0194742 0.0416672 0.0669003 0.0897044 0.0842717 0.0395 0.0283471 0.0444616
0.216287 0.144511 0.175994 0.0184544 -0.027234 0.0623589 0.226644 0.149541 0.150907 0.00935281 -0.0380379 0.0596491
0.116287 0.0826749 0.114645 0.070751 -0.0226025 0.0682133 0.107127 0.0698873 0.125281 0.066263 -0.0219501 0.070191
0.144236 0.146811 0.165204 -0.02921 -0.0434403 0.0221475 0.141928 0.135541 0.161825 -0.0309346 -0.0495553 0.0197894
0.135405 0.176131 0.183447 0.0305738 0.00244796 0.0122711 0.129779 0.173096 0.166242 0.0203473 0.00378763 0.00771415
0.0720898 0.0510834 0.12708 0.0330496 -0.0170899 0.0169458 0.0600999 0.0541812 0.12156 0.0234929 -0.0259556 0.00815511
0.211778 0.220594 0.221626 0.0258771 0.0387439 0.0106927 0.210972 0.233814 0.22232 0.0117513 0.0408526 -0.00422193
0.115758 0.182076 0.146901 0.0661881 -0.0287852 -0.03133 0.102328 0.183624 0.16078 0.0631789 -0.0325184 -0.0388812
0.179793 0.16283 0.218164 -0.00204625 0.0330585 0.0124791 0.202898 0.165803 0.201639 -0.00156704 0.0365797 0.0112359
0.163794 0.173521 0.150363 0.0241642 0.0156941 -0.0103285 0.169643 0.181692 0.170748 0.0260656 0.00793785 -0.0128981
0.156624 0.0892472 0.140279 -0.00626914 -0.0639339 0.00670889 0.146655 0.0846402 0.119559 -0.00377904 -0.0625047 -0.000798963
0.0849578 0.117732 0.104355 0.0254926 0.0153765 0.0125038 0.0897405 0.122948 0.102245 0.0181396 0.0182304 0.00589326
0.14133 0.168324 0.154342 -0.011628 -0.00533554 0.0672186 0.146071 0.16931 0.166844 -0.00714644 -0.0147947 0.0674036
0.138836 0.109595 0.125981 0.01383 0.0554099 0.0270108 0.123622 0.0977145 0.126978 0.00893726 0.064846 0.0239839
0.152174 0.0993803 0.140467 0.0665798 -0.0469511 0.0466038 0.152992 0.0936622 0.149676 0.0590273 -0.0490184 0.0412724
0.120527 0.101774 0.129758 0.013959 0.00313248 0.0290333 0.125903 0.0979736 0.115231 0.0127733 0.0040623 0.0307779
0.175194 0.179477 0.226639 0.0527615 -0.00806043 0.0587928 0.146298 0.1973 0.214535 0.0512407 -0.0220679 0.0516073
0.127705 0.0814678 0.135279 0.0379242 -0.00982396 0.0369056 0.130553 0.0687101 0.134714 0.0337621 -0.00333911 0.0418573
0.237435 0.249758 0.171929 0.0490856 0.013244 -0.000968649 0.24311 0.255743 0.166136 0.0408823 0.0189739 0.00282607
0.183193 0.197471 0.224518 -0.0210405 -0.00318159 0.0520362 0.190083 0.190464 0.223731 -0.0213964 -0.00873859 0.0513912
0.103699 0.165756 0.126941 0.0440772 0.00121175 -0.00120244 0.0914662 0.186859 0.12998 0.0417344 0.00855667 0.00493681
0.141198 0.137276 0.103185 -0.00124958 0.0141683 -0.0110853 0.127564 0.13192 0.108997 -0.00207748 0.022265 -0.0102302
0.118938 0.119508 0.0834471 0.00723912 0.0163889 0.00221654 0.134053 0.107923 0.0753755 0.012453 0.011129 0.000107704
0.117946 0.0863057 0.164822 -0.0186395 -0.0353054 0.0390037 0.135948 0.108262 0.163262 -0.0209504 -0.0397043 0.040578
0.163882 0.195804 0.205596 0.0410243 -0.0063767 0.0430605 0.13519 0.190021 0.196438 0.0358614 -0.0103074 0.0388213
0.221816 0.215736 0.200134 0.0747692 -0.0145405 0.0366174 0.235175 0.225297 0.170633 0.0664807 -0.0177649 0.0232903
0.177444 0.136095 0.211087 -0.00530327 0.0341953 0.00109197 0.184115 0.1354 0.2211 0.00326756 0.0349509 0.00252933
0.147763 0.173274 0.140942 0.0046906 -0.0356567 0.00823969 0.165899 0.172056 0.138406 0.002374 -0.0362576 0.00899852
0.126181 0.0775652 0.153589 -0.0135896 -0.0109001 0.0319901 0.106415 0.0903013 0.168792 -0.0121967 -0.0137316 0.0305306
0.0834022 0.162628 0.131331 -0.00100298 -0.0219792 0.0466495 0.0732796 0.157317 0.137099 -0.00143615 -0.0149667 0.0431919
0.147561 0.113893 0.146008 0.00402705 -0.0258459 -0.0181156 0.144172 0.115767 0.136253 -0.00454311 -0.0236774 -0.0231556
0.240144 0.171661 0.264046 -0.024553 -0.0167491 0.0224219 0.226596 0.171287 0.25251 -0.0238766 -0.0208882 0.0181296
0.117 0.147471 0.184232 0.109991 -0.0294982 0.0273021 0.119372 0.14221 0.200636 0.103763 -0.0279544 0.0213975
0.128358 0.117827 0.125773 0.0113308 -0.0509176 0.00951104 0.120036 0.130724 0.120261 0.00716844 -0.0609454 0.00234911
0.0970844 0.0851786 0.0631938 0.0427825 0.0115827 0.0401934 0.0973728 0.0566584 0.0596164 0.0423161 0.00693133 0.0391076
0.22486 0.223456 0.233367 0.0374914 -0.00425905 0.0149914 0.2232 0.235319 0.244429 0.0239047 -0.00236185 0.0138021
0.146875 0.116677 0.203467 0.0138361 -0.0236629 0.028746 0.157615 0.107974 0.189177 0.0179507 -0.0249842 0.030731
0.198501 0.237588 0.160466 0.0102801 -0.070479 -0.00388729 0.187265 0.238504 0.174348 0.00589304 -0.081791 -0.00690874
0.110399 0.135316 0.194541 0.0275278 -0.0197334 -0.0175365 0.132773 0.142085 0.177259 0.022151 -0.016369 -0.025653
0.103562 0.172068 0.14641 0.0274482 -0.0184429 -0.0288795 0.108198 0.165245 0.137951 0.0299131 -0.0254946 -0.0445995
0.0923972 0.105498 0.108795 0.0523069 0.0227014 0.0153161 0.0954331 0.112616 0.114226 0.0590187 0.02491 0.0182579
0.154117 0.128768 0.141305 -0.0224938 -0.0337523 0.026365 0.150785 0.117239 0.14293 -0.0203281 -0.0366979 0.0267043
0.190451 0.184367 0.180395 0.0580316 0.0157493 0.0291076 0.177194 0.180367 0.19022 0.0679627 0.0251184 0.0328044
0.196735 0.18291 0.236772 -0.00710587 -0.10431 0.0145584 0.176603 0.174953 0.247587 -0.0190801 -0.102519 0.0138821
0.0876332 0.136174 0.107235 0.00730734 -0.0466049 0.0571909 0.10272 0.136217 0.117637 0.00465267 -0.0407367 0.049921
0.180535 0.184703 0.136654 0.0158727 -0.0182454 -0.00864484 0.178706 0.17495 0.142992 0.0112438 -0.021611 -0.014813
0.266983 0.207664 0.173158 0.0229624 -0.0135653 0.0123895 0.252745 0.216671 0.164738 0.0131213 -0.00984267 0.0143087
0.0406769 0.0265767 0.102272 0.0336453 -0.0656467 -0.0396433 0.0398797 0.0476959 0.0933115 0.0235674 -0.0706682 -0.0445121
0.170726 0.214605 0.275004 -0.0229633 -0.0408377 0.00818694 0.162059 0.24625 0.289744 -0.0226182 -0.0340964 0.00715763
0.22045 0.157912 0.200563 0.0617418 -0.00253466 -0.0215941 0.230564 0.138913 0.193818 0.0687223 -0.00253022 -0.0294943
0.195364 0.326675 0.21788 -0.0133256 -0.0224656 0.060473 0.185907 0.326686 0.216066 -0.0292673 -0.0224959 0.066425
0.13233 0.142872 0.11893 0.059567 0.0191486 0.000518545 0.146608 0.152814 0.108271 0.0584053 0.0238654 0.000942444
0.224083 0.270237 0.229575 0.0409846 0.0587392 0.0185292 0.212322 0.275583 0.244545 0.0484353 0.0611907 0.0155433
0.121666 0.0750621 0.122482 0.0390474 0.0218193 0.0444072 0.108785 0.0806256 0.116458 0.0395777 0.0222981 0.0493936
0.183364 0.10425 0.186901 -0.0081066 0.0353589 0.0335641 0.18238 0.10386 0.180181 -0.00203519 0.0462538 0.0306324
0.191672 0.193008 0.230941 0.0257969 -0.0361173 0.0385434 0.189875 0.21772 0.236859 0.0284647 -0.0305015 0.021283
0.110901 0.151084 0.197249 0.0106061 -0.0207015 0.0775453 0.107203 0.145233 0.205427 0.0176347 -0.0108072 0.0871805
0.19194 0.214902 0.267293 0.0302048 0.0212305 0.00578033 0.183288 0.228295 0.258208 0.0340592 0.0417817 -0.00761815
0.223566 0.213633 0.219433 0.0177035 0.00845047 -0.013911 0.231448 0.217765 0.223948 0.0151622 0.00866111 -0.0234138
0.157267 0.137901 0.155211 0.0148958 0.0067414 0.0532657 0.134964 0.166173 0.16699 0.013408 0.00342919 0.0540553
0.174518 0.223284 0.253554 0.00166148 -0.0217829 0.0155024 0.185237 0.215337 0.268152 -0.00339667 -0.0197421 0.00624452
0.0612843 0.137786 0.0883957 -0.00029238 -0.0573993 0.0014642 0.0635244 0.116796 0.0964333 -0.00343704 -0.048489 -0.00667822
0.163406 0.156807 0.109213 -0.00267517 -0.00571128 -0.000650672 0.137785 0.166398 0.106341 -0.00639422 -0.00477267 0.00360422
0.194365 0.251055 0.214748 0.0557653 -0.000262555 0.0443858 0.208311 0.256374 0.210579 0.0621071 -0.00535215 0.0460632
0.106073 0.220651 0.181531 0.0179081 -0.0620344 -0.0381844 0.0941977 0.214457 0.184731 0.00912904 -0.0650709 -0.0328101
0.230515 0.165522 0.184831 0.00381492 -0.00578605 0.0501261 0.247 0.167239 0.153359 -0.00208141 -0.00178363 0.0443644
0.174283 0.214553 0.228351 0.0756521 -0.0288801 0.0745571 0.18046 0.19472 0.235698 0.0731618 -0.0291096 0.0740435
0.0428405 0.136598 0.134563 0.0340707 -0.0121521 0.0362439 0.054282 0.146007 0.119617 0.0284219 -0.0163174 0.0309432
0.169226 0.110417 0.222022 0.0137138 0.0190148 0.0210013 0.167708 0.120669 0.212764 0.0102463 0.0174905 0.0132176
0.169687 0.268211 0.234238 0.0213598 0.0311379 0.040414 0.169832 0.267308 0.21486 0.0258669 0.0308935 0.0351725
0.159184 0.160324 0.143057 0.00637735 0.0172073 0.0435357 0.131786 0.160282 0.140881 0.00987341 0.0100082 0.0447356
0.228598 0.250977 0.239249 0.0159854 0.0244607 0.0494082 0.224575 0.250571 0.257211 0.0114896 0.0263882 0.0380688
0.165555 0.173651 0.245245 0.00421496 -0.024933 0.0651644 0.171968 0.17723 0.237611 0.00762252 -0.026747 0.0720944
0.225473 0.267287 0.272682 -0.00244142 -0.0192434 0.025946 0.25358 0.281839 0.281601 0.00128726 -0.0147985 0.0284301
0.119438 0.1051 0.189778 -0.0207213 -0.00628466 0.00740533 0.111682 0.114817 0.173296 -0.0214561 -0.00613244 0.00959348
0.0911766 0.0513307 0.0493323 -0.0371831 0.00561875 0.0579931 0.0961016 0.05898 0.0549212 -0.034794 0.00595252 0.0546044
0.170964 0.194992 0.244662 0.0588833 0.0241123 0.0555218 0.151417 0.192425 0.227239 0.0489628 0.0158726 0.0524967
0.0559143 0.0953178 0.088323 0.0452164 -0.00822562 0.0197421 0.0456904 0.0906327 0.0613371 0.0432295 2.24444e-05 0.0166565
0.197647 0.152848 0.136479 -0.00751383 -0.0350311 0.0529635 0.185637 0.164942 0.125109 -0.0160629 -0.0311453 0.0494733
0.269648 0.257479 0.179573 -0.00935106 0.030981 -0.0196858 0.269767 0.248958 0.176494 -0.0155173 0.0308117 -0.016035
0.0685004 0.119965 0.146377 0.0802885 -0.0510196 -0.00443473 0.0512434 0.126495 0.149085 0.0770874 -0.0515387 -0.000306444
0.128278 0.136468 0.164954 -0.00780644 -0.0109136 0.0483366 0.140707 0.143406 0.164699 -0.0117219 -0.00679281 0.0494841
0.0920844 0.0822505 0.160885 0.0207796 0.0416792 -0.0142123 0.102604 0.0727902 0.144329 0.0121227 0.0434087 -0.0208756
0.130536 0.124753 0.131986 0.0322278 -0.0394005 -0.0148489 0.130097 0.101796 0.133611 0.033138 -0.0362391 -0.0205594
0.175991 0.212733 0.201827 0.00684222 -0.0137313 -0.00624825 0.17525 0.225043 0.202209 0.0104977 -0.0199436 -0.00586156
0.160594 0.125773 0.153541 0.000152881 -0.0360985 0.0079844 0.18196 0.114302 0.168128 -0.000807926 -0.0321069 0.002162
0.15515 0.108746 0.183645 0.0514025 -0.0259349 0.0175588 0.166641 0.11366 0.174303 0.051913 -0.0240816 0.00815963
0.162438 0.114041 0.138908 0.0176294 0.00509969 0.0479878 0.14759 0.10549 0.118214 0.0131299 0.010745 0.0417594
0.000390718 -0.0012128 -0.0322293 -0.02176 0.0374767 0.036011 -0.00379319 0.000885704 -0.0333687 -0.0136256 0.0383082 0.0315576
0.0693793 0.0813041 -0.056504 -0.00187955 -0.0157012 0.0917133 0.0855756 0.0668053 -0.0437522 -0.0116596 0.00161215 0.0776866
-0.1532 -0.0897898 -0.0703826 -0.0811246 -0.0488018 -0.061822 -0.131499 -0.0884421 -0.0721753 -0.0810118 -0.0467347 -0.0574609
0.0244286 0.0557527 0.086193 0.0182676 0.0496145 -0.0835281 0.037479 0.0533553 0.0709818 0.00579393 0.0423497 -0.0822334
0.0514114 0.00798503 -0.0441158 -0.0152002 0.0358076 0.0285815 0.0584835 -0.0182873 -0.0259356 -0.00989681 0.0351417 0.0229842
0.0833627 0.0406741 -0.00839799 0.0167113 -0.0193955 0.0786879 0.0763604 0.0449484 -0.0304722 0.012232 -0.0142315 0.0814996
0.0950694 0.0871193 0.0254725 0.133292 -0.027205 -0.0280789 0.103957 0.0754527 0.0351732 0.130505 -0.0289867 -0.0371562
-0.0244199 -0.164648 -0.204181 -0.0442748 -0.00937853 0.0149546 -0.0223451 -0.154742 -0.201409 -0.030584 -0.00764474 0.0152207
-0.103684 -0.0935521 0.0864151 0.0029693 -0.0367836 -0.0158925 -0.0946998 -0.0957567 0.0664655 0.00615563 -0.039303 -0.00895096
-0.150266 -0.148493 -0.119814 -0.0393714 -0.0240887 -0.0867457 -0.15897 -0.137251 -0.119906 -0.0382804 -0.010983 -0.0760934
-0.0744577 -0.12635 -0.0256894 -0.0124693 0.035579 0.0540865 -0.0763037 -0.123991 -0.00886356 -0.0131376 0.0257218 0.0509747
-0.0688788 -0.170506 -0.140107 -0.0241267 -0.100781 0.0325692 -0.0627545 -0.185827 -0.123896 -0.0273391 -0.0870368 0.0385018
0.0859997 -0.0812257 0.0383635 0.0510149 -0.0138834 -0.0178689 0.0635938 -0.0613311 0.0598319 0.0466942 -0.0126693 -0.0157911
-0.141262 0.0176686 -0.0183944 0.0792655 0.0206969 -0.0463119 -0.15178 0.0332126 -0.0182716 0.071465 0.027604 -0.0476708
-0.0418213 -0.0600106 -0.0752185 0.110483 0.0109524 0.0171266 -0.042067 -0.0487767 -0.0742305 0.10429 0.0146462 0.016385
-0.120991 -0.0984931 -0.133835 0.000491555 0.00568077 -0.0248645 -0.108437 -0.0980187 -0.130723 0.00243222 0.00299252 -0.0221055
-0.00541593 -0.037112 0.0438495 0.0790161 0.0471876 0.0529176 -0.00454215 -0.0254855 0.0431207 0.0712939 0.0419808 0.0568265
-0.124778 0.0222158 -0.0566084 -0.0235745 0.0740877 -0.0787159 -0.116589 0.0383136 -0.0434612 -0.0415364 0.0827815 -0.0829367
-0.0913521 -0.148181 -0.104458 0.0425751 0.0394493 0.0341047 -0.0847007 -0.132798 -0.099893 0.0429187 0.0248488 0.0329681
0.106184 -0.00194578 0.0394252 0.139906 0.0205845 0.0310956 0.111721 -0.00800444 0.0507734 0.124169 0.0317953 0.0275107
-0.201613 -0.110011 -0.127501 0.0266633 0.0475837 -0.0727143 -0.188401 -0.0866016 -0.157165 0.0193287 0.0415483 -0.0688491
0.00922111 0.0913678 0.0811213 -0.0443474 -0.0524024 -0.0477655 -0.00774563 0.110639 0.0738354 -0.0459383 -0.040465 -0.047344
-0.0167986 -0.0212607 -0.0545086 0.00959264 -0.00700315 -0.0236995 -0.0225076 -0.00822482 -0.0489552 0.00965148 -0.00123363 -0.019218
0.0526164 -0.0537818 -0.00213172 -0.0182063 0.0281243 -0.0421127 0.0517696 -0.0603579 0.0028877 -0.0171509 0.0286291 -0.0394331
-0.0504715 0.0013265 0.000719386 0.0167378 -0.00338876 -0.0231469 -0.0482381 0.00512311 0.0108319 0.00819896 -0.00493244 -0.0244807
-0.182608 -0.0659008 -0.279317 -0.0788006 0.0815509 0.00930472 -0.175954 -0.0693791 -0.277132 -0.0707127 0.0823837 0.0234813
-0.176073 -0.172685 -0.119884 0.00789632 -0.0645246 -0.0175564 -0.158957 -0.18568 -0.128748 0.000149852 -0.0698522 -0.0159309
-0.0103452 -0.0207973 0.113843 0.0425061 0.0631371 0.0320988 -0.00899607 -0.0126164 0.121953 0.0469614 0.0612704 0.0321329
-0.032781 -0.0243074 -0.0456556 0.11372 -0.0463307 0.0155074 -0.0408263 -0.0231518 -0.041219 0.106403 -0.0337753 0.00817289
-0.113656 -0.0535969 -0.00192281 -0.0370403 -0.0721575 -0.0974891 -0.116016 -0.0519619 0.00986667 -0.0357305 -0.065067 -0.0947419
-0.218049 -0.153066 -0.268273 -0.0110584 -0.0975538 -0.130212 -0.227718 -0.17919 -0.26273 -0.0237503 -0.086115 -0.117623
-0.0237391 -0.0930944 -0.144755 -0.0374427 0.0163222 -0.04145 -0.0320984 -0.100432 -0.156962 -0.0376567 0.0106307 -0.0418576
-0.0179771 -0.0991585 -0.053172 0.0774278 -0.014307 0.0292453 -0.028397 -0.105753 -0.0582692 0.0828587 -0.00031637 0.0211313
0.0105525 -0.0799004 -0.0975205 -0.0628988 -0.0616247 0.0430185 0.0230484 -0.0535993 -0.0738145 -0.0603024 -0.0628721 0.0297487
0.0750624 -0.12314 -0.0719783 0.0287466 -0.0830059 0.0113667 0.0731196 -0.0959928 -0.0872131 0.0404768 -0.0700042 0.000458889
-0.0987718 -0.000644998 -0.0713254 0.037739 0.00231734 -0.0308536 -0.0882285 0.0116088 -0.0700175 0.0329319 0.00424141 -0.021043
-0.0391563 0.0016142 -0.0640328 0.00794016 -0.0166196 0.0263225 -0.0444152 -0.0084103 -0.0576278 -0.000608518 -0.0102441 0.0279811
-0.0178442 -0.0581935 0.033526 0.0298369 -0.0421378 0.0210449 -0.00592681 -0.0663156 0.0303961 0.0246027 -0.0495314 0.0247841
0.0861133 -0.0560741 0.0833149 -0.0118363 -0.0529502 0.042255 0.110438 -0.0634466 0.100647 -0.0101582 -0.0439006 0.045079
0.00311888 -0.00741224 0.0458458 0.00703684 -0.0312049 0.00699611 -0.00320341 -0.00232311 0.0444761 0.00758593 -0.023329 0.000824222
0.062437 -0.106663 -0.0452597 -0.0638492 -0.042094 0.0237164 0.089217 -0.115808 -0.0262661 -0.0759488 -0.0432305 0.0167976
-0.0688248 -0.199068 -0.108945 0.0150313 -0.0128616 0.0242367 -0.044199 -0.187546 -0.0902107 0.007386 -0.018295 0.0326341
-0.0807986 -0.0983853 -0.155205 -0.0352181 0.0204204 -0.00977086 -0.0797301 -0.10801 -0.159825 -0.041815 0.0153254 -0.0217118
-0.0434496 0.024437 -0.07704 0.0153135 -0.0498663 -0.013936 -0.0223987 0.0280035 -0.0961539 0.0158936 -0.040417 -0.00952415
-0.0588822 -0.0712305 -0.158638 -0.058702 -0.00551831 0.00826232 -0.0873702 -0.0796722 -0.17415 -0.0575478 -0.00690659 0.0124837
-0.10236 -0.195643 -0.0903582 -0.0614975 0.0415693 0.0631401 -0.0752442 -0.18698 -0.0893801 -0.0664932 0.0355799 0.0672975
-0.115161 -0.174556 -0.0909719 -0.0198826 -0.0665256 -0.0473784 -0.117019 -0.184225 -0.084377 -0.00663593 -0.0626853 -0.0482856
-0.104064 -0.12475 -0.274827 -0.023402 0.0488397 -0.00740017 -0.0953123 -0.139455 -0.268515 -0.0269182 0.0387166 -0.0219379
0.124198 0.222113 0.0335987 0.062647 0.0806367 0.011783 0.129485 0.235397 0.0156639 0.0709204 0.086897 0.0142974
-0.183298 -0.14957 -0.0187277 0.0333217 -0.0352398 -0.0640533 -0.167865 -0.151702 -0.0227704 0.0198196 -0.0175224 -0.0587117
0.0841558 0.0186176 0.0596312 0.0440513 0.0134067 0.0354177 0.0815663 0.0168377 0.0479145 0.0368731 0.0152424 0.0395827
0.0539955 0.087259 0.0904835 -0.0279126 0.0219849 0.0122972 0.0448901 0.0970445 0.0876988 -0.0277137 0.020557 0.00564348
-0.0399993 -0.224987 -0.0114916 0.0778586 -0.0556403 0.00192632 -0.0488767 -0.234286 -0.0147525 0.0751361 -0.0533104 -0.00186304
0.0452254 -0.0874884 -0.0798079 -0.0433291 0.00978187 0.0274913 0.0404336 -0.0840224 -0.0869968 -0.044626 0.00974844 0.0262193
0.0936979 0.100267 -0.0550505 0.0755324 0.0435229 0.0845743 0.111606 0.103677 -0.0743845 0.0702758 0.0370884 0.0731371
-0.050694 -0.0275597 -0.0312386 -0.00961156 -0.00191291 -0.0454538 -0.0667864 -0.0311852 -0.0301739 -0.0169448 -0.00682511 -0.0460493
0.0171895 -0.0995767 0.122229 0.058834 -0.0175315 0.0352465 0.0255352 -0.111458 0.117463 0.0610169 -0.0097357 0.0400616
-0.120554 -0.118707 -0.122059 0.0490871 -0.0234202 -0.0255378 -0.119401 -0.115596 -0.126942 0.0472618 -0.0223264 -0.0327391
0.0380655 -0.0287786 -0.0184005 0.0380154 -0.0136131 -0.0118553 0.0392857 -0.0314605 -0.0104357 0.0367462 -0.0189852 2.85185e-05
-0.117329 -0.0661948 -0.162178 0.0248291 -0.00428917 0.028761 -0.12502 -0.0639322 -0.13972 0.0266176 -0.00286341 0.0392309
-0.0993596 -0.0852094 -0.0491954 0.027374 -0.027422 -0.00755737 -0.0956548 -0.0772713 -0.0627095 0.0276927 -0.0256559 -0.00588067
-0.120945 -0.0381784 0.0157087 0.0336079 -0.106006 -0.135083 -0.131293 -0.0303691 0.0375276 0.0322081 -0.106687 -0.129974
0.0355716 -0.0498216 -0.0363545 -0.0832917 -0.00101466 0.0903598 0.018631 -0.0513319 -0.0344136 -0.0864604 0.00444052 0.0726896
-0.159024 -0.218984 -0.225379 -0.0685992 0.0143213 0.00301606 -0.156506 -0.222684 -0.222989 -0.0685 0.018642 0.00572659
-0.169235 -0.148693 -0.107459 -0.029959 -0.086178 -0.0314326 -0.172552 -0.158063 -0.108918 -0.0319817 -0.0876942 -0.0297273
0.0841854 0.0908725 -0.0631291 0.0426385 0.0395799 -0.0266486 0.085459 0.106089 -0.044187 0.0448747 0.0425348 -0.0312046
0.0424162 -0.0763336 -0.0058307 0.0186816 0.0144872 -0.00963569 0.0245741 -0.0788865 0.0191815 0.0222581 0.0231113 0.00172393
0.0143307 -0.0146765 -0.0427345 0.0220977 -0.0170892 -0.0159806 0.0237427 0.00718111 -0.0534224 0.0244927 -0.0161885 -0.0130043
-0.0119027 0.034021 -0.0213633 -0.000254714 -0.00719042 -0.0127653 0.0129883 0.0363833 -0.0548856 -0.00878793 -0.00933163 -0.0128138
-0.0947517 -0.00761995 -0.0320928 -0.0460571 -0.00395793 -0.0308898 -0.104608 -0.00677533 -0.0233844 -0.0493306 -0.00930918 -0.030025
-0.0299277 -0.08913 -0.0459906 0.0565247 -0.0157854 -0.0520037 -0.0343985 -0.099046 -0.052153 0.0521001 -0.0209031 -0.0446565
-0.109477 -0.101817 0.052413 0.0275614 -0.0389378 -0.00812828 -0.119491 -0.0980202 0.0720548 0.0343029 -0.0391654 -0.00291911
-0.130199 -0.0793369 -0.0569235 0.0425446 0.00995015 -3.65275e-05 -0.112953 -0.10158 -0.0599396 0.0383159 0.00228281 -0.00440815
-0.0312411 -0.000455843 -0.0176754 -0.0579579 -0.00270914 -0.0370055 -0.0439671 0.0204784 -0.0196061 -0.0536313 -0.00834 -0.0316129
-0.0657417 -0.0762806 -0.0254913 0.0388046 0.0279665 -0.00801125 -0.0658789 -0.081892 -0.0177333 0.0365494 0.0282167 -0.0228198
-0.148797 -0.182914 -0.087355 -0.0404003 0.0434392 -0.0337168 -0.176756 -0.1872 -0.0681733 -0.0312278 0.0356834 -0.0337587
-0.110892 -0.159584 -0.156042 -0.0390623 -0.0726396 0.00605652 -0.103413 -0.143107 -0.153181 -0.04349 -0.0673095 0.0119598
-0.0259381 -0.0771375 -0.0438539 -0.0202264 -0.0351527 -0.00666535 -0.0263482 -0.0830924 -0.0320665 -0.0223079 -0.0290299 -0.00378659
-0.03828 -0.127934 0.0174722 0.0343751 -0.0806978 -0.0197685 -0.0257121 -0.120128 0.0104127 0.0329266 -0.0704085 -0.0100561
0.122962 -0.135101 0.00532677 0.07321 -0.0833191 -0.0526587 0.116139 -0.117473 0.020769 0.0644876 -0.0705894 -0.0564333
-0.0941039 -0.0874728 -0.0208994 0.0155788 0.00111205 -0.061687 -0.0864538 -0.0947013 -0.0281479 0.0129815 0.00707422 -0.062732
-0.0469249 -0.148585 -0.19547 -0.0342125 -0.0334968 -0.0153952 -0.0446 -0.145649 -0.183221 -0.0447625 -0.0267967 -0.013418
-0.135246 0.0180746 -0.13208 -0.0508096 -0.0542096 0.0455575 -0.139695 0.0383933 -0.104348 -0.0449501 -0.0577116 0.0417247
-0.169734 -0.20737 -0.0431471 0.0140807 -0.119191 -0.0295301 -0.188244 -0.228191 -0.0393972 0.0238916 -0.111625 -0.0219087
-0.153689 -0.113682 -0.146962 -0.0254204 -0.00116145 0.111939 -0.151268 -0.112153 -0.140749 -0.0245448 -0.0140781 0.109284
0.0732263 0.0839417 0.209348 0.0570257 0.0329272 -0.0537847 0.0678873 0.0728519 0.217635 0.059619 0.0182162 -0.0559455
0.0662529 0.180911 0.0595436 -0.0154876 0.0144377 0.0328352 0.0594734 0.167514 0.0564598 -0.0311344 0.0295464 0.0280756
-0.0249419 0.0548257 -0.00320799 -0.013526 -0.075039 -0.0152271 -0.0267875 0.0551749 0.0160925 -0.00975044 -0.0662389 -0.0191028
-0.162357 -0.0528292 -0.0694262 -0.00546871 0.0323029 -0.0849511 -0.15449 -0.054013 -0.0945825 -0.00192585 0.0367742 -0.0839345
-0.0933678 -0.00565293 0.0214031 -0.0123141 -0.0256526 0.00711705 -0.102326 -0.0255284 0.0592091 -0.0120616 -0.0140507 0.00408437
-0.082774 -0.0057153 -0.112718 -0.00344407 -0.0207929 0.0193753 -0.0701809 -0.00397044 -0.123551 -0.00470652 -0.0236274 0.0204247
0.0178906 -0.038092 -0.0112301 -0.00874364 0.00209221 -0.0162451 0.0114038 -0.0367713 -0.0233866 -0.012027 -0.00395807 -0.00924163
0.0178144 -0.170368 -0.0730049 0.107459 -0.0388132 -0.0983477 0.00791696 -0.158963 -0.0846774 0.101009 -0.026708 -0.0972819
0.0603311 0.0108367 0.04496 0.0480004 -0.0525892 -0.0307717 0.0774247 0.00970941 0.0521574 0.0299534 -0.0452056 -0.0245776
-0.0591385 -0.0409887 -0.0283126 0.00512215 0.0188953 -0.0105043 -0.0386223 -0.0281433 -0.0396067 0.00586252 0.0268875 -0.00170222
-0.110627 -0.161492 -0.16259 -0.0529855 -0.0344488 -0.0337078 -0.124663 -0.164865 -0.166324 -0.0631304 -0.0328649 -0.0337861
0.140665 0.0139327 0.184195 -0.052549 0.0129701 0.07659 0.141929 0.00196244 0.208394 -0.0499804 0.0148113 0.0751939
-0.0170868 -0.183009 -0.15487 -0.00766823 0.016506 0.0345265 -0.00706807 -0.178677 -0.153761 -0.0136083 0.0169373 0.0258933
-0.136481 -0.0772128 -0.0223041 -0.00303093 -0.017757 -0.0195788 -0.151237 -0.0644009 -0.0311785 0.00706511 -0.0223842 -0.0305221
-0.0626734 -0.0735823 -0.0690462 0.0479887 0.0817174 -0.0606409 -0.0626169 -0.0575491 -0.0805882 0.0442198 0.0856386 -0.0607013
-0.0434206 -0.0823351 -0.045622 -0.075644 -0.0451216 0.0190384 -0.0280734 -0.10366 -0.0721942 -0.0736759 -0.0467328 -0.00900704
-0.0877666 -0.0265349 -0.0356226 0.0153405 0.023479 -0.00857893 -0.0766855 -0.0222932 -0.0640767 0.0170954 0.0266841 -0.0106696
0.105805 0.246006 0.138759 0.00664714 0.0131488 0.0364091 0.115153 0.240478 0.115028 0.00871348 0.0038817 0.0420208
-0.102033 0.0650092 0.144872 -0.0720317 -0.000955186 -0.0508428 -0.105552 0.0681114 0.136982 -0.0676764 0.005288 -0.0489648
-0.0614445 -0.195349 0.000600933 0.0106635 -0.0290726 0.0112406 -0.0492915 -0.178607 -0.00578119 -0.000267852 -0.0216613 0.000175926
-0.0490485 -0.0362714 0.0661618 -0.0504398 -0.0721875 0.00659903 -0.0485143 -0.0434156 0.0831881 -0.0526261 -0.0551367 -7.27407e-05
0.0597541 0.126403 -0.0140967 -0.0351188 0.0682688 -0.00474898 0.056261 0.127933 -0.0271705 -0.0317929 0.0633156 -0.00229541
0.0673903 -0.0305404 -0.00319876 0.0163802 -0.0496308 0.035088 0.0627623 -0.0137995 0.00632815 0.0116423 -0.0443731 0.0221409
-0.0162476 0.121815 -0.092073 -0.00570359 0.0203202 -0.0346009 -0.0383195 0.131462 -0.0799124 0.0103882 0.0102052 -0.0321365
-0.000799371 0.0802799 0.11234 -0.00367786 -0.0285928 -0.051561 -0.00438044 0.0513837 0.125863 -0.0135697 -0.0307116 -0.0415873
0.0933565 0.0656927 0.0485408 -0.0121338 -0.0205667 -0.0177715 0.0893849 0.0601751 0.0423516 -0.00698859 -0.029825 -0.028962
0.0978268 -0.038375 -0.00227101 0.010436 -0.0151865 0.0561832 0.0882536 -0.0285247 0.00423563 0.00898422 -0.00506963 0.0564676
-0.0195689 -0.0868163 -0.00344199 -0.0443686 0.0624598 -0.0101592 -0.0207993 -0.0940949 -0.00191096 -0.0319236 0.0773293 -0.00818393
-0.0960102 -0.125932 -0.0419553 -0.0383571 -0.000434943 -0.0218374 -0.0752601 -0.139103 -0.043363 -0.0453376 0.00303533 -0.017724
-0.0777357 -0.0803677 -0.0448995 0.0511789 0.0326668 -0.00770412 -0.0933121 -0.103278 -0.0477406 0.0528018 0.037498 0.00409296
-0.0263462 -0.0642189 -0.0555911 -0.0421399 0.00820424 0.0483495 -0.0265979 -0.0626433 -0.0469504 -0.0399911 0.00533874 0.0500084
0.171049 0.000202677 0.000142051 -0.0710455 -0.0707311 0.0228316 0.171366 0.0085963 -0.0155652 -0.0622832 -0.0703756 0.0158748
-0.08889 -0.205948 -0.181133 0.0202706 0.0369848 0.0335507 -0.101063 -0.205443 -0.190007 0.0157799 0.0285487 0.0275303
-0.238396 -0.224596 -0.165097 -0.0254277 0.0506929 -0.0104813 -0.248489 -0.20423 -0.173418 -0.01009 0.0523768 0.00717037
0.0951265 0.139742 0.0342631 -0.0374404 0.0125537 -0.0819642 0.0443663 0.146283 0.0198285 -0.0247778 0.00412474 -0.0768104
0.0535047 -0.0202364 -0.0196051 -0.0239503 -0.0454263 -0.00102189 0.0665625 -0.018144 -0.0383999 -0.0265168 -0.051669 0.00216259
-0.183415 -0.221969 -0.0697763 0.0322412 0.0350944 0.0765485 -0.186265 -0.2066 -0.0750972 0.0378391 0.0271929 0.0682997
0.150365 0.0487998 -0.0711666 0.0196675 0.0165454 0.109022 0.167626 0.0534224 -0.0670854 0.0261931 0.00926193 0.102243
-0.0848528 0.122423 0.0934485 -0.0894833 0.00301766 -0.0219045 -0.0694243 0.101595 0.0991929 -0.100978 0.0137706 -0.017307
-0.101606 -0.125686 -0.14768 -0.0296822 0.0176873 0.0170113 -0.090263 -0.146209 -0.133715 -0.0323425 0.0189667 0.02097
-0.112546 -0.114447 0.0159657 -0.0358765 -0.00500837 -0.0331633 -0.118182 -0.106756 0.0160226 -0.0355956 -0.00783237 -0.0388386
-0.02855 0.107177 0.0330327 -0.111668 -0.0395719 -0.0047985 -0.0403239 0.11688 0.035683 -0.0954899 -0.0428701 0.00376207
0.0304029 -0.0674441 0.0410381 0.0667014 -0.0279805 0.0512333 0.0396031 -0.071436 0.0337779 0.0603513 -0.0332746 0.0466533
0.0175503 -0.031661 -0.0361024 -0.0132773 0.0247383 -0.0886817 0.0245587 -0.0288467 -0.0514344 -0.0139526 0.0222021 -0.083628
7.97554e-05 0.026321 -0.0398327 -0.0050239 0.0212126 -0.0885951 0.0130694 0.0231913 -0.0420359 0.000655185 0.0236466 -0.0975099
0.00108269 0.0994469 -0.00432039 0.0606908 0.0572625 -0.0378009 -0.029676 0.101282 -0.009888 0.0660443 0.0459654 -0.0354279
0.00888098 -0.0401666 0.0298085 0.0239029 0.00780976 0.0400281 0.0308282 -0.0524479 0.055607 0.00961948 0.00561667 0.0277255
-0.0262788 -0.0175453 -0.0568392 -0.0686826 0.00482148 -0.0353369 -0.0227517 -0.00840037 -0.063037 -0.0691392 0.00502185 -0.0432264
-0.27176 -0.145123 -0.181075 0.0369559 -0.0704266 -0.122631 -0.257262 -0.156461 -0.182782 0.0303429 -0.0653723 -0.119655
-0.138076 -0.142012 -0.0927191 -0.00114312 -0.0594702 -0.0656621 -0.120527 -0.138625 -0.109382 -0.00514459 -0.0531615 -0.0578656
0.00242259 0.0169113 0.0654554 0.0237635 0.00292239 -0.0300929 -0.0168375 0.0203944 0.0881357 0.0276772 0.00845578 -0.0313001
-0.0762552 -0.119623 0.0844795 0.0354062 0.00890159 0.0128967 -0.0942041 -0.117022 0.066911 0.0317186 0.00915474 0.00778348
-0.0985458 -0.0020785 -0.0900133 0.0248269 0.0356506 0.00760126 -0.113514 0.0025957 -0.0863656 0.0256539 0.0326944 0.00110978
-0.0697934 -0.151399 -0.0224698 -0.00606612 -0.0274568 -0.004217 -0.066729 -0.149419 -0.0374916 -0.00691822 -0.0246677 0.00318926
0.0301695 -0.0499277 0.056976 -0.0831212 0.0202961 0.065815 0.0342845 -0.0513412 0.0784701 -0.0804401 0.0201337 0.0735473
-0.0937319 -0.104592 0.00868549 0.0480861 0.0708525 0.054076 -0.0718616 -0.10709 0.00557163 0.0350213 0.0672925 0.0589202
0.0936103 0.0815282 0.056785 0.00416125 0.064695 0.0338498 0.118458 0.081597 0.0518939 0.000817259 0.0668947 0.0241871
-0.255673 -0.124825 -0.193725 -0.0400907 0.019607 -0.0565925 -0.252136 -0.121985 -0.178287 -0.0304127 0.0191384 -0.0616353
0.0960061 0.140812 0.0789393 0.0425481 -0.0284712 0.0931947 0.0859507 0.144179 0.0757078 0.0407687 -0.028718 0.0844941
-0.0532536 -0.116691 -0.0378947 0.00193074 0.0604608 -0.0702003 -0.0518347 -0.118138 -0.0376791 -0.00434333 0.054252 -0.0704746
0.026203 0.0415563 -0.016544 0.0298682 0.0571463 0.0586415 0.022405 0.0351353 -0.0109264 0.0260392 0.0634904 0.0515884
-0.0316684 -0.122583 -0.102501 0.110934 0.0306688 0.0356212 -0.04926 -0.111316 -0.101214 0.100957 0.0269825 0.027701
-0.0739312 -0.0128041 -0.0376319 0.083526 0.0724019 -0.00149941 -0.0837541 -0.015445 -0.034429 0.0763256 0.0745652 -0.00147904
-0.0446703 -0.137271 -0.116411 -0.0264486 -0.0302423 -0.0320041 -0.0338284 -0.138743 -0.119588 -0.026781 -0.0334996 -0.0355997
-0.069186 -0.229661 -0.189965 0.00225769 -0.0296811 0.060548 -0.0566645 -0.239218 -0.206496 0.0104899 -0.0224795 0.0564218
-0.0149381 -0.145766 0.064433 0.0338222 0.0399173 -0.0425148 -0.0184307 -0.14621 0.0618364 0.0392336 0.0366197 -0.0324668
-0.0458827 0.0331895 0.0221436 0.00868478 0.0615565 0.0547108 -0.0415899 0.0461073 0.0137491 0.0112417 0.0529363 0.0521174
-0.0482924 -0.19193 -0.0268929 -0.0224801 0.0587101 -0.0242988 -0.0861615 -0.205873 -0.0218793 -0.00769074 0.0553142 -0.0246496
0.051571 -0.0137556 0.018955 0.0611156 -0.0595974 -0.0171876 0.0455095 -0.00247274 0.0083903 0.0653161 -0.0584964 -0.0138714
-0.0382127 -0.0457977 -0.112362 -0.0711562 0.0435765 0.110148 -0.0244525 -0.0441207 -0.0988707 -0.0776105 0.0444962 0.0985492
0.0694072 -0.0280651 0.0158512 -0.00574493 0.0147566 0.0796758 0.0639116 -0.0252196 0.0106725 -0.0119467 0.0107163 0.0701355
-0.00211015 -0.0644101 -0.177772 -0.0329468 -0.0263266 0.0179352 -0.0223464 -0.0353608 -0.176698 -0.0317236 -0.0270441 0.0134364
0.174263 0.046591 0.072252 0.0262122 -0.017102 0.0392855 0.160887 0.0485844 0.069153 0.0326387 -0.00860082 0.0343776
-0.116607 -0.0607993 -0.121178 -0.0371725 -0.0162983 0.0443947 -0.11753 -0.0610474 -0.109505 -0.0376784 -0.0122255 0.0464336
-0.179597 -0.119595 -0.142161 0.0678782 -0.00458078 -0.0217376 -0.170267 -0.136189 -0.139867 0.0643438 0.000292889 -0.0217695
0.0209686 -0.0965479 0.00401167 0.00396781 0.000788613 -0.0331328 0.0173358 -0.121166 -0.00605681 0.000369185 0.0186124 -0.0362793
-0.0800975 0.0390155 0.0744495 -0.00796921 -0.0415476 -0.0327131 -0.0591897 0.0336965 0.0680496 -0.000808074 -0.0431897 -0.0373076
0.00921352 0.00035366 0.172291 0.00805363 0.0593027 -0.0117399 -0.0117385 0.0093703 0.189957 0.0125849 0.0682994 -0.00689378
0.00929685 -0.160205 -0.149715 0.0474752 -0.00251632 -0.020749 -0.00604281 -0.144109 -0.144736 0.0542016 -0.007214 -0.0221668
-0.0436353 -0.0244163 -0.149692 0.0332545 -0.015947 -0.0242136 -0.0491207 -0.019492 -0.13373 0.0361899 -0.0215093 -0.0142281
0.158841 0.312649 0.257586 0.00312779 0.0237345 0.0208359 0.162007 0.308221 0.265406 0.0125199 0.0116095 0.0388365
0.0113302 0.0675009 0.0390693 0.04663 0.0648401 0.00963701 0.0190367 0.0720958 0.0487069 0.0564262 0.0743658 0.0111427
0.0334433 0.0276248 0.0724172 -0.0397241 -0.00914264 -0.0207151 0.0148205 0.037457 0.0905598 -0.0299244 -0.016517 -0.0202265
0.0740344 0.031873 0.0558559 0.0251013 -0.0492315 -0.00249329 0.094147 0.032301 0.0523307 0.00478822 -0.0538506 -0.0037917
-0.174695 -0.127152 -0.175072 0.0192875 0.00452124 -0.0438793 -0.187282 -0.124112 -0.182173 0.0221904 -0.0025357 -0.0455613
0.0743585 -0.0117492 0.0488478 -0.0684394 0.019862 0.0945201 0.091397 -0.00847356 0.0527805 -0.0649527 0.0153253 0.0915986
0.0606717 -0.0834663 0.0501696 -0.0711175 -0.0589459 -0.0497657 0.0381171 -0.106907 0.0444143 -0.0733792 -0.0612161 -0.0584367
-0.104556 -0.0310779 -0.13615 -0.0383011 0.024959 -0.0578544 -0.105967 -0.0291801 -0.146034 -0.0468853 0.0309079 -0.062353
-0.00700816 0.0444834 -0.101634 0.0057388 -0.0568182 0.0416167 -0.00421733 0.0366776 -0.103071 0.0138741 -0.0526034 0.0445401
0.00671354 0.0693373 -0.0323834 0.0465187 0.130917 -0.0834098 0.00609082 0.0521594 -0.0269134 0.0340602 0.132715 -0.0816026
0.163588 -0.0385163 -0.0042625 0.0162284 -0.0135731 0.0875242 0.163397 -0.0148336 -0.00455096 0.0290627 -0.0236613 0.0739585
0.00409429 -0.0887325 -0.0588802 0.0379756 0.0749915 0.0788051 -0.0105993 -0.0837199 -0.0739804 0.0464746 0.0627613 0.0715861
-0.0994265 -0.141295 -0.0847099 -0.00338319 -0.0373044 0.0251984 -0.0925348 -0.147544 -0.0767597 -0.008984 -0.027434 0.0214857
-0.0568342 -0.0778672 -0.157004 0.139751 0.0331277 -0.0414324 -0.0578301 -0.0619494 -0.157676 0.13248 0.0286195 -0.03729
-0.145936 -0.0993289 -0.19762 -0.0194076 -0.0196875 0.0291661 -0.136794 -0.108503 -0.179085 -0.0191993 -0.0168506 0.0258707
-0.194085 -0.212889 -0.101849 -0.0135076 -0.0499901 0.0033131 -0.203774 -0.215946 -0.0848889 -0.0131267 -0.0507654 -0.00259141
-0.0788798 -0.113178 -0.0107108 0.0435007 -0.0889476 -0.00275366 -0.112466 -0.109063 0.00697615 0.0477413 -0.088397 0.00904237
-0.0992449 -0.191384 -0.207549 -0.00452335 -0.0755756 -0.0165258 -0.0987984 -0.19403 -0.19853 -0.00729681 -0.0744278 -0.0134304
0.0197577 -0.0927056 -0.0293408 -0.00728758 0.0582059 0.0147487 -0.00682393 -0.100028 -0.0190149 -0.0065163 0.0502937 0.017575
-0.131286 -0.0954335 -0.1478 -0.0792828 -0.0506532 0.0487485 -0.102093 -0.0946001 -0.145611 -0.0806631 -0.0460092 0.0362406
0.0447376 -0.0766527 -0.0713737 -0.0197705 -0.0272806 -0.00130034 0.0622287 -0.0720479 -0.0834558 -0.0328775 -0.0269092 0.00102926
-0.0126014 -0.0448631 -0.0836205 0.0372061 0.010092 -0.0521831 -0.0114532 -0.0725652 -0.0729664 0.032343 0.00515096 -0.0529016
-0.0997164 -0.018464 -0.121577 0.0121176 0.0066845 -0.0467462 -0.112598 -0.0189178 -0.115237 0.0197176 0.008194 -0.0365944
-0.0117711 -0.0356079 -0.0170188 0.0164325 -0.0644296 -0.0302308 -0.0229524 -0.0428468 -0.00102437 0.0232674 -0.0545376 -0.0289771
-0.0817684 -0.0707678 -0.0382632 -0.0117752 -0.0759762 -0.0563808 -0.0682153 -0.0721811 -0.0537259 -0.00785726 -0.0760105 -0.0543384
-0.0589209 -0.135299 -0.122221 0.0583656 0.0619854 -0.0296879 -0.0474307 -0.127633 -0.114862 0.0601615 0.0631862 -0.0244164
0.146299 -0.0980595 0.0757789 0.076664 -0.0911833 -0.0152698 0.126295 -0.100827 0.0829431 0.0693661 -0.0929521 -0.0164273
0.00345974 0.000292202 0.0256566 -0.0313219 -0.0371684 -0.0237131 -0.00238341 0.0120007 0.0133353 -0.0336503 -0.0388322 -0.0214522
0.0721143 0.00896183 0.0820954 0.0310127 0.0668249 0.0468946 0.0760788 0.00794711 0.0727768 0.0114836 0.0728542 0.0419459
-0.127646 -0.149829 -0.249056 0.0264604 0.0276226 0.0173432 -0.14731 -0.138961 -0.231475 0.0271662 0.0210737 0.0266389
0.0245462 -0.0764129 -0.0844184 0.0294447 0.0305052 0.0418224 0.0313352 -0.078593 -0.0906628 0.0325356 0.0294934 0.0224702
-0.19252 -0.154576 -0.200307 -0.0551104 -0.0105051 -0.11707 -0.203254 -0.161463 -0.198479 -0.0427397 -0.0105633 -0.121042
0.00512569 -0.148122 -0.00295573 0.0653467 0.0678415 0.0386086 0.0154064 -0.146632 0.00337867 0.0641204 0.0683184 0.0246856
0.00137628 -0.021779 -0.0627315 -0.0307821 -0.0160886 0.0571964 -0.00414259 -0.0140158 -0.0605488 -0.0190599 -0.014697 0.062529
-0.0874576 -0.201479 -0.207728 -0.0012811 0.0219212 -0.0263539 -0.0799107 -0.184552 -0.215635 -0.000271852 0.021227 -0.0283022
0.057421 0.000227277 0.111605 0.0118901 -0.0460815 0.0382649 0.0658556 0.00230704 0.107483 0.015837 -0.0489273 0.043272
-0.0630777 -0.146095 -0.0454319 0.00530327 -0.00496125 0.0184921 -0.0527156 -0.15442 -0.055396 -0.00162326 -0.00652467 0.022612
-0.176118 -0.0503187 -0.0548143 -0.00918632 -0.0331893 -0.0646171 -0.170783 -0.0434708 -0.0810172 -0.00119081 -0.0264918 -0.0541908
-0.00954803 -0.1296 -0.0464735 -0.139291 -0.0226673 0.0327986 -0.0253455 -0.131318 -0.0454564 -0.132705 -0.0205086 0.0327227
-0.0157197 -0.0465654 -0.0886628 0.0156261 0.0187569 -0.0530377 -0.0265333 -0.0787305 -0.0847344 0.00588704 0.0170053 -0.0490591
-0.124162 0.0202948 -0.0463455 0.0469094 -0.0200921 -0.0691208 -0.134316 0.0462756 -0.0359816 0.0573572 -0.0274126 -0.0724625
-0.0464668 -0.168233 -0.00867104 -0.03223 -0.0235415 0.084903 -0.0503862 -0.163283 -0.00461059 -0.0368553 -0.0195449 0.0875411
0.127425 0.112832 0.00441497 -0.023167 0.0369174 0.0444956 0.127934 0.0981627 -0.0166067 -0.0250537 0.0294638 0.0471488
-0.199451 8.63958e-06 -0.108269 -0.104051 -0.00831248 0.00638577 -0.18719 -0.00928311 -0.0898952 -0.092571 -0.00702993 0.0062517
0.0435552 -0.0391041 -0.0157242 0.0248961 -0.0963031 0.0404717 0.0394461 -0.0425147 -0.00565052 0.0222592 -0.0988042 0.0341556
-0.125382 -0.215361 -0.0930645 0.0672516 -0.0938737 0.029165 -0.141227 -0.201286 -0.0842611 0.072452 -0.0899399 0.0254622
-0.0583512 0.0395413 0.00660222 0.0304595 0.0337589 -0.0106087 -0.0580033 0.0469836 0.00825304 0.0281007 0.0343422 -0.00764881
0.0798083 -0.013594 0.0266807 0.0442748 0.0374613 0.0243023 0.0732866 -0.0273869 0.0186193 0.0315434 0.0401336 0.0324858
0.0768549 0.121327 0.105454 0.0444128 0.0053685 0.0411924 0.08272 0.11282 0.117929 0.0520513 0.00554 0.0362063
-0.123823 -0.0346065 -0.189666 0.0223051 -0.0380892 -0.0890985 -0.126411 -0.0292169 -0.175322 0.0306361 -0.0469986 -0.0868836
0.034969 -0.173851 -0.0163018 0.0602056 0.0495207 -0.050877 0.029069 -0.195711 -0.0113805 0.0491826 0.0374259 -0.054143
-0.126987 -0.226572 -0.126015 -0.0148476 -0.0368438 0.0607164 -0.11712 -0.225697 -0.147181 -0.0171137 -0.0360183 0.0582221
-0.102553 -0.173261 -0.100881 0.0122976 0.0144343 -0.0215105 -0.102123 -0.158873 -0.0896703 0.0107709 0.0155744 -0.0203467
0.0277657 0.0334048 0.0700778 0.0370111 0.0389073 -0.0206641 0.028221 0.0135979 0.0754748 0.0311571 0.0401024 -0.0176245
-0.043345 0.0530514 0.0101867 -0.00911282 0.0871382 0.0559051 -0.0262964 0.033369 -0.00582659 -0.0136301 0.0776765 0.0531725
0.0890057 -0.0618071 0.0324987 0.0374832 -0.0638171 0.0806779 0.0882444 -0.0465355 0.0395826 0.0352007 -0.0565444 0.0693081
-0.112951 -0.133118 -0.0626333 0.0478584 0.0664213 -0.0178855 -0.114129 -0.128637 -0.0880459 0.0495665 0.0646573 -0.0241777
-0.00405176 -0.0502351 0.00411139 0.0516407 -0.0549175 -0.0541926 -0.0107446 -0.0487724 0.0249228 0.0531139 -0.0523714 -0.0484546
-0.0646343 -0.039084 -0.00612542 0.0764816 -0.0442946 0.0281625 -0.0594688 -0.0261958 0.0156063 0.0779429 -0.0396206 0.0329812
-0.109652 -0.0544443 -0.147615 0.00925033 0.0296425 -0.0494802 -0.107302 -0.0640733 -0.150288 0.00854089 0.0298198 -0.041366
-0.0846414 -0.166177 -0.0223909 0.0291854 0.0375711 0.0103594 -0.0921019 -0.148586 -0.00804259 0.0275814 0.0348833 0.0128761
-0.128012 -0.0733547 0.0426298 0.0304224 -0.00857204 0.00253987 -0.120615 -0.0543669 0.0401281 0.0343877 -0.0139233 0.0158304
-0.0651297 0.0252541 -0.116102 0.0222211 -0.00550896 -0.0147577 -0.0502161 0.0396914 -0.106714 0.0234877 -0.00140556 0.00187948
-0.102966 -0.167507 -0.0957277 -0.0172614 -0.0125088 -0.0563922 -0.0916991 -0.162815 -0.0778559 -0.0158416 -0.0132428 -0.0619206
-0.0281371 0.0382394 -0.0499702 -0.0687184 0.0204793 -0.0333675 -0.0286931 0.0231396 -0.034071 -0.0715624 0.0246268 -0.0269376
0.0114611 -0.0715207 0.0226715 0.0927215 -0.0338691 0.0126442 0.0117307 -0.0683355 0.0221219 0.0896233 -0.0329181 0.00913067
-0.119034 -0.0332442 0.0194601 0.0837937 -0.0502838 -0.00372391 -0.13031 -0.0558155 0.0284038 0.0737914 -0.0385124 0.00293933
-0.16236 -0.0140792 -0.0871495 0.0229918 0.00743384 -0.0549161 -0.152598 0.00661807 -0.0938644 0.037579 0.00265926 -0.0604444
-0.00726025 -0.0260165 -0.129841 0.0232103 0.0282354 -0.00641303 -0.0122834 -0.0185298 -0.113356 0.0191421 0.0306587 -0.00590126
-0.136573 0.100468 -0.0867315 -0.0298519 0.0310327 -0.032667 -0.12675 0.1021 -0.0880236 -0.0208402 0.0434748 -0.0221104
-0.0457155 -0.166617 -0.110037 -0.0571522 -0.0707425 0.0324894 -0.0459057 -0.168279 -0.0972556 -0.0521962 -0.0688661 0.0427314
-0.220559 -0.195563 -0.210808 -0.0244543 -0.0259373 -0.0280531 -0.213133 -0.197259 -0.195535 -0.0184476 -0.0184721 -0.0281093
-0.0512189 -0.0453218 -0.0392592 -0.0332122 0.0454937 0.035543 -0.0557039 -0.0493651 -0.0279678 -0.0400213 0.0500563 0.0300112
0.111299 -0.00420316 0.0267011 -0.0373761 -0.00393599 0.0728008 0.13494 0.00102593 -0.00563607 -0.0376936 -0.000648667 0.068375
-0.0194685 0.0308831 -0.0376932 0.00305879 -0.0206635 0.0189975 -0.0123615 0.0472645 -0.0616041 0.0107556 -0.018759 0.0168602
0.153913 0.155164 0.214452 -0.0618772 -0.0148443 0.0541192 0.168573 0.169237 0.230318 -0.060711 -0.0201596 0.0545744
0.0340647 0.0751378 -0.00985982 -0.0204614 -0.0405958 -0.00382012 0.0177483 0.113664 -0.0167069 -0.0077697 -0.0431846 0.000834519
0.0259298 -0.0138909 -0.132776 -0.064473 -0.0100945 0.019256 0.0324513 -0.0241596 -0.115996 -0.0595172 -0.0164087 0.0198253
-0.199022 -0.170481 -0.108945 0.0449501 0.0380148 -0.0442029 -0.192821 -0.142903 -0.105604 0.0528125 0.041111 -0.0424762
0.128444 0.0417911 -0.0330039 0.00174031 0.118184 0.102285 0.134663 0.0524488 -0.0315081 0.00120178 0.105483 0.094607
-0.0519126 -0.106125 -0.0691113 0.00340255 0.0415053 -0.00574128 -0.0289261 -0.119293 -0.0648524 -0.00187459 0.0310032 -0.0100227
-0.186847 -0.0985913 -0.139632 0.0391152 -0.000283338 -0.00364901 -0.191723 -0.0952898 -0.135381 0.0333541 0.00057963 -0.0117659
-0.0560211 -0.00611498 -0.0608312 -0.010427 -0.0138315 -0.0236225 -0.0575753 -0.0111071 -0.0631243 -0.0106473 -0.00913563 -0.0169999
0.0535216 0.0428474 0.0752361 -0.0257335 -0.0097846 -0.000588655 0.0501453 0.0475619 0.064391 -0.0202753 -0.00782096 -0.00559667
0.0341871 -0.0607468 -0.0246159 -0.007847 0.0202635 0.0247898 0.0301075 -0.035403 -0.00651326 -0.0113772 0.0266996 0.0256804
-0.0659369 -0.0678507 -0.0755216 -0.033929 0.0473929 0.0188329 -0.065893 -0.0597588 -0.0605383 -0.034753 0.0389496 0.0249046
-0.00136833 -0.0153397 -0.0834161 -0.00577294 -0.0215281 -0.0245166 0.0164959 -0.0127557 -0.0874647 -0.00311356 -0.0187539 -0.0308193
-0.180878 -0.0765396 -0.130641 0.0114339 0.00651419 0.00705301 -0.181223 -0.0913897 -0.137431 0.00704548 0.00182111 0.0101467
0.125738 -0.0377966 -0.0305479 -0.0345752 0.0241583 0.0401426 0.130496 -0.042933 -0.0138287 -0.0279731 0.0228667 0.0400837
-0.0891623 0.0168698 -0.0104135 0.011782 0.0049069 -0.0276248 -0.0831252 0.0222404 -0.00906748 0.013439 0.00351607 -0.0226741
-0.0174485 -0.0168519 -0.0236415 0.00573372 -0.0382777 -0.0237469 -0.00280281 -0.0211073 -0.048933 0.0025937 -0.0448766 -0.0291401
-0.0374201 0.0580149 -0.0108539 0.0527596 -0.0301113 0.0545474 -0.0209765 0.0591714 -0.0305366 0.0488881 -0.028643 0.047435
-0.169605 -0.171835 -0.125475 0.0446042 -0.0594978 -0.0384812 -0.166971 -0.166823 -0.133314 0.0330947 -0.064526 -0.0332533
-0.103972 -0.100439 -0.261889 -0.0544679 0.0290068 -0.0141971 -0.0966682 -0.092073 -0.279603 -0.0532907 0.0228632 -0.0133564
-0.0637414 -0.0220004 -0.0548267 -0.00648418 -0.0154028 0.029331 -0.0718544 -0.0272411 -0.055183 -0.00630378 -0.011728 0.0190952
-0.0116381 -0.0431201 -0.0508133 0.0216738 0.0133337 -0.0191431 0.00188393 -0.0698436 -0.0389302 0.0221741 0.0172132 -0.0191047
-0.0896827 -0.144586 -0.0760686 -0.0146347 0.00187644 -0.029201 -0.0595982 -0.159558 -0.0698535 -0.026077 0.00441378 -0.0235124
-0.190192 -0.12894 -0.166914 -0.0225385 -0.0777739 0.00994745 -0.194355 -0.118517 -0.16585 -0.0241545 -0.0926286 0.00841719
-0.039885 -0.0117777 -0.102743 -0.000568222 -0.0207639 -0.0152167 -0.0341361 -0.0216087 -0.112115 -0.00253711 -0.0259716 -0.020723
0.0238245 -0.0128509 -0.0553892 0.0796914 -0.00698836 0.0284528 0.00883415 -0.0019683 -0.0743441 0.064673 -0.0149363 0.0246803
0.0189651 0.0513662 0.113861 -0.0110158 -0.0219208 -0.00990625 0.0158839 0.0627324 0.116683 -0.00721844 -0.0224624 -0.00693141
-0.0666015 -0.12556 -0.102548 -0.087964 -0.0596537 -0.0094429 -0.0713332 -0.13811 -0.0986667 -0.0910063 -0.052361 -0.00312489
-0.0669226 -0.0750968 -0.159719 -0.0558803 -0.0521643 0.026931 -0.0801886 -0.0846793 -0.143142 -0.0492907 -0.053835 0.0337213
0.00823184 0.00692034 0.117318 0.0790346 -0.0569966 -0.000817647 0.0235256 -0.00820593 0.109664 0.0640187 -0.0596951 0.00201704
0.0447093 -0.0153237 0.0183341 -0.00219 -0.0293917 0.0333257 0.0447048 -0.00484296 0.0230065 -0.00398659 -0.0301567 0.0334342
0.111369 0.0118997 0.0835471 0.012422 -0.00606165 0.0452312 0.109007 0.016101 0.0675707 0.00410926 -0.00234644 0.048705
0.0949932 -0.0316834 0.0539054 0.0454564 -0.0487189 -0.0198129 0.0935692 -0.043255 0.0467587 0.0428775 -0.03608 -0.0183886
0.0207472 0.088871 -0.0536625 0.0519734 0.0263766 -0.00119746 0.0195587 0.0865525 -0.0486601 0.0479726 0.033547 0.00242807
0.0518705 -0.107154 -0.0807059 0.00257295 -0.0134425 -0.0147595 0.0488719 -0.12694 -0.0584419 -0.00084363 -0.00935807 -0.0064997
-0.0714923 0.028006 -0.0129065 0.0308117 -0.06068 0.0263532 -0.0848838 0.0407701 -0.0162827 0.0178466 -0.0636112 0.024673
-0.0730123 -0.0665606 -0.039849 -0.0242946 0.016969 -0.0163681 -0.0800163 -0.0516728 -0.0610236 -0.0321694 0.0117919 -0.0113279
0.0176962 -0.00415974 -0.140424 0.0203822 0.0376687 0.0716943 0.0358401 0.00486319 -0.132931 0.0260651 0.0273603 0.0655466
0.0276361 -0.0451915 0.0362324 -0.0367559 -0.0208955 0.0478741 0.0159709 -0.0627399 0.00808704 -0.0362864 -0.0215652 0.0355831
-0.0510098 0.0289611 0.0406332 0.0360251 0.0623853 -0.0472958 -0.0552058 0.0119876 0.0521384 0.0394278 0.0568536 -0.0473331
-0.0303072 0.0532079 0.0131013 0.0276391 -0.00636506 0.0153607 -0.0367571 0.0855021 3.14815e-05 0.0435095 -0.0108809 0.00731607
0.0225409 0.0455844 0.00825761 0.00127095 0.0593638 0.0367466 0.0302404 0.0289776 -0.0108139 0.0098603 0.0575236 0.0399848
0.0133149 -0.131086 -0.0572932 -0.00046083 -0.0376567 0.0264311 0.0372333 -0.117644 -0.0588404 -0.0106921 -0.0345767 0.0359509
-0.0795999 -0.0961961 -0.108637 0.00266489 -0.00933161 -0.0181612 -0.0659257 -0.0882187 -0.0976679 0.000537259 -0.00580615 -0.0132941
-0.102973 -0.115924 -0.0797131 -0.0037919 -0.0507502 0.0458128 -0.0974761 -0.108822 -0.0804829 -0.00269059 -0.0402938 0.0485468
-0.120608 -0.0829136 -0.0234722 -0.0324864 0.0273403 0.00541057 -0.119298 -0.0718847 0.00832926 -0.0226077 0.0326859 0.00180415
0.0169356 0.0538374 0.0864732 0.0301964 0.0591971 0.0419748 0.0316575 0.0733964 0.0966073 0.0389393 0.0574653 0.0501642
-0.0800674 -0.0184113 -0.142818 0.0808053 -0.0200607 -0.0211219 -0.0897541 -0.00112844 -0.145348 0.0930099 -0.017845 -0.0180879
0.0489605 0.0795207 0.0695923 0.0550873 0.083203 0.0362249 0.0450939 0.0644887 0.0662182 0.0628334 0.0732547 0.0302367
0.0180715 0.0538675 0.0141044 0.0175386 0.0121837 0.0480327 0.0161424 0.0718679 -0.00502341 0.0262493 0.0209704 0.0407709
-0.0231335 -0.0346305 -0.0711703 0.0217451 -0.00175128 -0.00718771 -0.0402767 -0.0395826 -0.0690904 0.0260936 0.00118193 -0.00899733
0.0853258 0.065619 0.0467074 0.0576809 0.0593976 0.0309876 0.0902973 0.0660696 0.0542155 0.0633795 0.0543981 0.0230881
0.00716094 -0.150409 0.0767218 -0.00279465 -0.0464711 -0.0394442 -0.00226267 -0.143565 0.0955913 0.00484067 -0.042393 -0.0285028
-0.0738507 -0.0592637 -0.0228404 -0.0269153 -0.067832 -0.0353367 -0.0673837 -0.0632076 -0.0370364 -0.0186293 -0.0692923 -0.0325644
-0.0660727 -0.0652223 -0.210908 0.0301437 0.0198546 -0.0423379 -0.0556543 -0.0638746 -0.213177 0.0341821 0.0176636 -0.0344772
-0.0918514 -0.0153145 -0.103041 0.0743955 0.0353084 0.00850908 -0.0855324 -0.0263656 -0.0805564 0.0642305 0.033504 -0.00173119
-0.146113 -0.186862 -0.142381 -0.0753205 0.00533137 -0.0106946 -0.152941 -0.19274 -0.137658 -0.0811996 0.0162298 -0.0103339
-0.130039 0.0194625 -0.0691623 0.0182438 -0.017179 -0.0162191 -0.108844 0.0192427 -0.0662712 0.0217588 -0.015699 -0.0109129
-0.0259064 0.0288964 0.000694872 -0.0225365 -0.00151779 -0.0445434 -0.0303725 0.0361258 0.0115562 -0.0307792 -0.00535237 -0.0351797
0.0367951 -0.0563464 -0.0781417 -0.0821568 -0.0333097 -0.0596397 0.0171067 -0.0574451 -0.067098 -0.0789624 -0.0314359 -0.0557219
-0.127933 -0.291367 -0.214233 -0.0468451 -0.0276035 0.0509133 -0.106481 -0.27766 -0.219431 -0.042994 -0.0217719 0.0520244
-0.122265 -0.088179 -0.0746153 -0.0335785 0.0465432 0.00215702 -0.143894 -0.070078 -0.0648519 -0.0312036 0.0450319 0.00822622
-0.121667 -0.119142 -0.0532773 -0.0452526 -0.0339465 -0.0122484 -0.158297 -0.122032 -0.0599893 -0.0409988 -0.0258083 -0.0112062
-0.126137 -0.0655247 -0.00166272 0.00455531 0.0498413 0.00427621 -0.118058 -0.0474561 -0.00206911 0.00605711 0.0560094 0.00901052
-0.0495749 -0.186011 0.0618275 0.0686014 0.0831761 -0.00757167 -0.0589488 -0.1913 0.0403897 0.070857 0.0759604 -0.00783689
-0.0407804 0.0325423 -0.0143998 0.0253012 -0.0115785 0.0246991 -0.0236604 0.0357137 -0.0311362 0.026485 -0.0176162 0.0172989
-0.158575 -0.140118 -0.107034 -0.0190061 -0.0114746 -0.103016 -0.141248 -0.13458 -0.0996376 -0.00815593 -0.018543 -0.0966153
0.114807 0.0585528 0.0206272 0.0528102 -0.0075537 -0.0135125 0.113229 0.0514313 0.0343715 0.0499622 -0.00976859 -0.0186421
0.00664148 -0.029972 -0.031262 -0.0345792 -0.0377618 0.0196096 0.0161517 -0.0158382 -0.0364829 -0.0289515 -0.0369869 0.0243427
-0.093816 0.0689964 0.0674276 -0.000986783 0.0111445 -0.0386667 -0.0828233 0.0728949 0.0348247 -0.0170101 0.017142 -0.0388905
0.0855447 -0.0355505 0.0346833 0.0250856 -0.0700622 -0.0310718 0.0754754 -0.0279201 0.0417797 0.0211108 -0.0645156 -0.033875
-0.172559 -0.0190117 -0.0746202 -0.0736815 0.0333576 -0.0389322 -0.175785 -0.0134392 -0.0709696 -0.0768028 0.0300834 -0.033646
-0.146681 -0.111956 -0.147969 0.0627103 0.0254511 -0.0846891 -0.135615 -0.117739 -0.159913 0.0527725 0.0241406 -0.086395
-0.221064 -0.0983411 -0.0922896 0.0309973 0.0160755 0.0425468 -0.226601 -0.0985735 -0.0959986 0.0262761 0.0202393 0.0434607
-0.207198 -0.0988664 -0.154341 -0.0549297 0.0221119 -0.0372902 -0.229704 -0.0983559 -0.170598 -0.0434596 0.0284283 -0.0368144
-0.0048196 -0.0902386 0.0597282 -0.00735334 -0.00679157 0.0299309 -0.0132136 -0.0900025 0.0742165 -0.00358044 -0.0123375 0.0326855
-0.16394 -0.178534 -0.164835 0.00588573 -0.0981096 0.0300937 -0.170461 -0.170536 -0.167725 0.00582444 -0.0880634 0.0306636
-0.111957 0.0267535 -0.0430967 -0.0218311 0.00305462 -0.0485479 -0.10189 0.0157267 -0.0686693 -0.0246244 0.0124657 -0.0554261
-0.072202 0.0922626 0.0435802 0.0257704 0.0307982 9.31537e-05 -0.0781333 0.0672079 0.055466 0.0275093 0.0291086 0.000991037
-0.0375463 -0.0516598 0.0568042 0.024683 0.0104986 0.0242563 -0.0560299 -0.0589467 0.0744196 0.0276061 -0.000464815 0.0401042
-0.0836931 -0.124384 -0.0158964 0.0257536 -0.0481028 -0.0822092 -0.0656491 -0.141185 -0.0109906 0.0304303 -0.0411233 -0.0831909
0.0133649 -0.0204966 -0.17505 -0.0481135 -0.0494568 0.00094609 0.0163275 -0.00975778 -0.168188 -0.0440881 -0.0446036 0.00419133
-0.0710867 -0.104026 -0.108084 -0.026377 0.0100476 -0.0708711 -0.0534748 -0.115704 -0.103828 -0.0281161 0.00612978 -0.0655701
0.0017707 -0.0408181 -0.034966 -0.0323934 -0.00572169 -0.02334 -0.00369948 -0.0327498 -0.0345196 -0.0297284 -0.00226422 -0.0256528
-0.0321143 0.0364374 0.0966349 0.00574062 -0.035079 -0.00448112 -0.0390974 0.0378331 0.104927 0.00378081 -0.0327464 -0.000702296
-0.104117 -0.14127 -0.149988 -0.0414059 0.0244756 -0.0451085 -0.0994027 -0.151663 -0.137366 -0.0349094 0.0290107 -0.0394323
-0.0199752 0.00114099 0.0421128 0.0450634 0.0228759 0.0414009 -0.0234079 -0.018617 0.0456967 0.0487093 0.0253801 0.0424439
0.0237122 0.0865815 -0.0263746 -0.0142812 -0.0156825 0.0121917 0.0314217 0.0764901 -0.0198807 -0.0168642 -0.0111031 0.00188363
-0.0607403 -0.109491 -0.0363704 -0.0430744 -0.00491636 0.0343204 -0.0559166 -0.119307 -0.0283301 -0.0367819 -0.00718844 0.0275614
-0.133488 -0.0753006 -0.0742041 -0.0565059 0.0160822 -0.0760661 -0.11132 -0.0756933 -0.0936747 -0.0692883 0.00341118 -0.0894502
-0.076585 -0.120396 -0.0903892 0.0317759 0.00030622 0.0310554 -0.0876419 -0.106286 -0.0947137 0.0299241 0.00236222 0.0304736
0.0167562 -0.071161 0.115838 -0.0513601 0.0382393 0.0290562 0.00815133 -0.0905195 0.134611 -0.0441447 0.0234997 0.0250946
-0.00693792 0.0996122 -0.0643861 -0.0746173 -0.0297165 -0.00610219 -0.00542844 0.105824 -0.0519453 -0.071175 -0.0358794 -0.000136593
-0.0388399 0.0146283 0.0201317 -0.00978652 0.0467972 0.0453958 -0.0282795 0.0142504 0.00694407 -0.0106345 0.0404296 0.0448932
-0.169455 -0.155945 -0.0401254 -0.0285965 0.00331503 -0.0343168 -0.160764 -0.150513 -0.0693825 -0.0243899 0.0122945 -0.0271319
0.0299141 0.0045213 -0.0478806 -0.0153661 0.00477516 0.0295159 0.0401219 0.0136292 -0.0525987 -0.014946 0.00111578 0.0244904
0.15273 0.0122924 -0.0923263 0.0185579 0.103804 0.0324443 0.127918 0.0440487 -0.100501 0.0147326 0.0981628 0.0269907
-0.130006 -0.0493485 -0.122946 -0.0669934 0.0411521 -0.0142495 -0.123816 -0.047487 -0.122061 -0.0625118 0.0425974 -0.00921652
0.0332249 -0.0546389 -0.00118832 -0.0647798 0.0112636 -0.0317481 0.0325984 -0.0633087 -0.0131121 -0.0641656 0.014867 -0.0429461
-0.0610063 -0.0771484 -0.0878669 0.0989169 -0.0361707 0.0442794 -0.0673698 -0.0678449 -0.0952713 0.0981793 -0.02806 0.0323418
-0.19547 -0.0989152 -0.184928 -0.089212 -0.0393113 0.0202439 -0.195834 -0.0968289 -0.189033 -0.0969748 -0.0427234 0.0178788
-0.104377 -0.135628 -0.0334729 0.0766354 0.0491525 -0.0020578 -0.118575 -0.129678 -0.0222709 0.0744517 0.0470107 0.00215141
-0.227657 -0.26357 -0.139304 0.0461058 0.0392313 0.0194299 -0.222795 -0.259821 -0.150039 0.0509368 0.0416124 0.0179192
-0.0359988 -0.0109015 0.0240038 -0.047258 -0.0270248 0.0143399 -0.0542805 -0.0135713 0.0456621 -0.0459856 -0.0227837 0.0237663
-0.0804407 -0.0843846 -0.133003 -0.0608663 0.00319503 0.0214593 -0.0721044 -0.0827753 -0.12949 -0.0505523 0.00890726 0.0187279
0.0322311 0.0439869 0.134951 0.0458771 0.0490562 -0.00908581 0.0290324 0.0350919 0.143802 0.0491216 0.0402729 -0.00787356
-0.130381 -0.207383 -0.0978584 0.0168858 0.0993931 0.0531836 -0.119454 -0.195265 -0.0977279 0.0218607 0.0976456 0.0481667
-0.197274 -0.0113583 -0.0068912 -0.014205 0.041432 -0.0833101 -0.225333 -0.0342653 -0.0117227 -0.0110438 0.0400313 -0.0879992
-0.165038 -0.154146 -0.12681 0.142675 -0.0585109 -0.0170898 -0.146403 -0.141181 -0.143345 0.14579 -0.0460542 -0.0115638
-0.0355645 -0.164528 -0.264303 -0.014372 0.010139 0.0142075 -0.0588186 -0.16445 -0.245828 -0.00685193 0.00257156 0.00805748
-0.0764256 0.0522757 -0.0571671 -0.0357307 0.0331174 -0.0488856 -0.0768715 0.0654378 -0.0495404 -0.0373651 0.0322852 -0.0428227
-0.0753724 -0.136432 -0.0680373 -0.049606 -0.0537959 0.00593316 -0.0628253 -0.13418 -0.0769127 -0.0416806 -0.0478803 -0.00464341
0.128753 0.161476 0.019732 -0.0301057 -0.0112736 0.044074 0.113323 0.150223 0.014982 -0.0247479 -0.00963067 0.0538013
-0.00893418 -0.0224748 -0.096091 -0.0411083 0.0339466 0.0101907 -0.00741741 -0.0108167 -0.0998555 -0.0483458 0.0312372 0.0151061
-0.00664255 0.045831 -0.0537019 0.0698553 0.037286 0.0196844 -0.00641956 0.0384809 -0.0521361 0.0648056 0.0333596 0.021513
-0.146681 -0.106281 -0.219363 -0.0812226 0.00501142 -0.0289446 -0.130261 -0.107005 -0.206351 -0.0871757 0.0131129 -0.019198
0.0655927 0.0610527 0.0608676 0.0422865 -0.0431247 0.0355215 0.0674119 0.056619 0.0614237 0.0291477 -0.0489218 0.0318466
-0.0359441 0.00680975 0.0285988 0.0482884 -0.0290749 -0.0043194 -0.0265653 -0.0182993 0.0342796 0.0498343 -0.0284576 -0.00975637
-0.0508546 -0.0686784 0.0620022 -0.0332554 -0.00581966 0.00097713 -0.046778 -0.0674888 0.0583694 -0.0350723 -0.011501 0.00657644
0.0427509 0.0401157 0.0134381 -0.0806798 0.0114398 0.0105463 0.044316 0.0507245 0.0162563 -0.0702144 0.0102293 0.0139041
-0.172428 -0.256073 -0.192272 0.0238458 0.0259524 -0.0203572 -0.179675 -0.237972 -0.182708 0.017022 0.0318593 -0.0223987
0.01953 -0.0922512 -0.0882744 -0.0368371 -0.0422667 0.0198955 0.0498136 -0.0881927 -0.114243 -0.0331165 -0.0353818 0.0219165
0.00273157 -0.0565826 -0.047552 0.12684 0.0163281 0.0441413 0.0263821 -0.0908053 -0.0433501 0.116341 0.018063 0.0390973
-0.10025 -0.101442 -0.0731734 0.00323999 -0.0301835 -0.0404793 -0.094888 -0.10028 -0.058135 -0.003376 -0.0270101 -0.0388739
-0.0229086 -0.0426 -0.0544763 0.00644597 0.0174254 -0.0339006 -0.0244897 -0.0500625 -0.0635229 0.0117695 0.015789 -0.0370702
0.00865455 -0.108521 -0.114905 -0.0103877 0.0121219 0.0178417 0.00883311 -0.106311 -0.115834 -0.011387 0.0105416 0.0207073
-0.0693319 -0.0143039 -0.15124 -0.0402967 -0.0032193 -0.00933945 -0.07791 -0.0232632 -0.128334 -0.0346516 -0.000783704 -0.0179961
0.0835732 -0.0030838 -0.0622613 -0.026989 0.025183 0.093169 0.104363 -0.0151208 -0.0828137 -0.0237209 0.0329356 0.0930141
-0.182582 0.0406868 0.0373289 0.0343688 -0.0219901 -0.0331278 -0.1841 0.032646 -0.000631704 0.0325511 -0.0279599 -0.0260313
-0.0493077 -0.0794804 -0.140592 -0.0529593 0.0858533 -0.00269577 -0.0478713 -0.0875254 -0.141177 -0.0426012 0.0882201 -0.000672815
0.00769512 -0.010771 -0.0951355 -0.0228356 0.043842 0.134325 0.0108485 -0.0103754 -0.11893 -0.0141711 0.0553673 0.13547
0.0665613 -0.102371 -0.0578508 -0.178996 0.0212101 0.0111465 0.0700797 -0.091193 -0.0723688 -0.160931 0.0150698 -0.00258504
-0.00126401 0.129364 0.178811 0.0559587 0.0947505 -0.0542623 0.0167473 0.144759 0.192949 0.0517081 0.0895765 -0.0570455
0.0662572 0.048964 -0.048963 0.0101686 0.0167485 0.0415473 0.0529214 0.0457288 -0.0540876 0.000131037 0.016132 0.0355713
-0.0656502 -0.147845 -0.153054 -0.0258083 0.0540784 0.0413881 -0.0713599 -0.157472 -0.156344 -0.0168239 0.0506017 0.0503478
-3.84949e-05 -0.0405958 0.0858537 -0.0259236 0.00861068 0.00541153 0.00364837 -0.0226515 0.0886332 -0.0201237 0.0100956 0.0102061
-0.0884193 -0.0665152 0.014956 0.038944 0.0128748 -0.00526206 -0.0884944 -0.0603301 0.00836444 0.0442858 0.00235289 -0.00652519
-0.0682388 0.00731715 -0.023173 0.0131469 -0.0080382 -0.00711224 -0.0559054 -0.0186471 -0.0147211 0.0143113 -0.000778741 -0.0115333
-0.113533 -0.031292 -0.0778909 0.0341345 0.00145292 -0.0721188 -0.0958006 -0.0307623 -0.08999 0.0339481 0.000435407 -0.0715996
-0.0522585 -0.0496761 -0.0593355 -0.0709915 0.0173354 -0.00409423 -0.0399999 -0.0511319 -0.0541324 -0.0706343 0.0160749 -0.00598533
0.0348253 -0.00805835 0.0269101 0.0361153 -0.0274079 -0.0165059 0.0139875 0.00691007 -0.000214667 0.0345558 -0.0272644 -0.0238477
-0.107546 -0.144006 -0.170058 -0.0321625 -0.046265 0.024639 -0.10392 -0.122963 -0.186915 -0.0289417 -0.0452035 0.0123477
0.0372148 -0.00602536 -0.00212875 -0.0472706 0.0161949 -0.0210197 0.0467546 -0.00565718 -0.0166818 -0.0500884 0.0174936 -0.0263609
0.0257406 -0.0133696 0.0366822 0.0137012 -0.00292315 0.0233421 0.0271998 -0.0304428 0.0481345 0.00841215 -0.007378 0.01898
-0.103918 -0.0746635 -0.0446225 -0.0583084 -0.00940586 -0.0171442 -0.107592 -0.0684841 -0.061453 -0.0663049 -0.00983785 -0.0229151
-0.0937618 0.0733762 0.0436174 0.00411763 0.0109986 -0.0588297 -0.087785 0.0573359 0.0328979 0.00334267 0.0133223 -0.060711
0.0254421 -0.0237154 0.0539155 -0.0523748 0.0337861 0.0708178 0.0246296 -0.0279903 0.0564671 -0.054733 0.0288297 0.0627283
0.0310604 0.055824 0.0537836 0.00152129 -0.00401539 0.0433285 0.0384154 0.067039 0.0534004 0.0173329 -0.00313644 0.0342627
0.0829116 0.101729 0.137629 -0.0814826 0.012786 -0.0333808 0.0885744 0.108278 0.133348 -0.0844733 0.0223733 -0.0308159
-0.0633682 -0.0933742 -0.10171 0.0753795 0.0562901 0.0371345 -0.056125 -0.091799 -0.111815 0.0890438 0.0553184 0.0315969
-0.152787 -0.173583 -0.119112 -0.0265287 -0.0193415 -0.0298291 -0.146374 -0.181725 -0.11269 -0.0313751 -0.0105168 -0.0212388
0.0678153 0.023201 -0.0093868 0.0350112 0.0102805 -0.0231324 0.060995 0.0218105 -0.0122606 0.0299937 0.00517104 -0.0276619
-0.0921663 -0.0806148 -0.0827757 0.0180224 -0.0445998 -0.0287659 -0.0910378 -0.0974056 -0.0675473 0.0235835 -0.0361917 -0.0274808
-0.13631 -0.0916431 0.000400324 -0.0228681 -0.0711814 -0.0648247 -0.1403 -0.0778329 0.00373207 -0.0289674 -0.0758922 -0.0613703
-0.00102628 -0.10008 -0.0226608 -0.0621741 0.000851407 -0.0124465 -0.010646 -0.0925899 -0.016196 -0.0621094 -0.00360052 -0.0116815
-0.0493573 -0.113644 -0.197854 -0.0235023 -0.0210575 0.00796307 -0.0288699 -0.122788 -0.181131 -0.0178855 -0.0211754 0.00830719
-0.0438469 0.0870547 0.0489767 -0.027991 -0.00223585 0.00294789 -0.050145 0.079545 0.04685 -0.0319384 -0.000344889 0.0126981
0.133265 0.058499 -0.0842314 -0.0667402 0.0350946 -0.0080551 0.157387 0.0469257 -0.0870704 -0.064728 0.0236769 -0.00888985
-0.134038 -0.167182 -0.209741 0.00888927 -0.0381202 -0.0857114 -0.148107 -0.203825 -0.227996 0.00872615 -0.0324898 -0.0880427
0.0402346 0.0650869 -0.0215608 0.0694423 0.0539342 -0.0119761 0.0281069 0.0754863 -0.0291021 0.0717331 0.0509056 -0.0195133
-0.121089 -0.0112775 -0.0928978 0.016927 0.0265755 -0.0573195 -0.112832 -0.0137607 -0.097987 0.00489185 0.020714 -0.0619883
0.0901945 0.0518327 0.0149526 -0.00853643 0.0523251 0.0595842 0.075737 0.0401705 0.00523356 -0.0117036 0.0547599 0.0498886
-0.154949 -0.134031 -0.121269 0.0117272 0.000418589 -0.0249094 -0.157292 -0.117936 -0.124271 0.00685156 0.00994556 -0.0243021
-0.147807 -0.0606383 -0.0900405 0.00516655 0.039014 0.00867066 -0.130016 -0.0745719 -0.0862945 0.00775563 0.0350234 0.001194
0.104998 0.128935 0.0400677 -0.00396402 -0.0628505 0.052866 0.0992397 0.125799 0.0295513 -0.0068563 -0.0576742 0.0460607
0.163211 0.100558 0.0351041 0.0579739 0.084537 0.0337021 0.168232 0.100297 0.0132588 0.0503971 0.0849607 0.0256595
-0.11265 -0.158227 0.0100817 -0.0503333 0.00320818 9.6156e-05 -0.106365 -0.159647 -0.010426 -0.0586411 0.00106652 -0.00610274
0.0274228 -0.00457907 -0.0471841 0.00482319 -0.0297545 -0.0107799 0.0261858 -0.0129241 -0.0758603 0.0138105 -0.0244666 -0.0229539
-0.060383 -0.0506478 0.0625843 0.00968877 -0.0796014 -0.028792 -0.0505698 -0.0571296 0.0918588 0.0158479 -0.069106 -0.0320371
-0.220077 -0.193359 -0.115019 -0.0534889 -0.0347231 0.0123518 -0.237182 -0.183195 -0.123133 -0.0467991 -0.026891 0.0170975
-0.0135267 -0.0439395 -0.00762784 0.00996656 -0.00362027 -0.0245463 0.000408444 -0.0648404 -0.0210896 0.00287385 -0.00638993 -0.0196183
-0.0320219 0.118923 -0.0418744 -0.122112 -0.0645276 -0.00909555 -0.0188896 0.124358 -0.037135 -0.123362 -0.0603266 -0.0127294
-0.0653461 -0.0292489 -0.0120481 0.00711474 -0.0128274 0.0652818 -0.0552363 -0.0389387 -0.0284728 -0.00162452 -0.0217463 0.0606445
0.0661027 -0.101032 0.000303987 0.000433162 -0.031939 0.0362957 0.0533767 -0.0943815 -0.0110381 -0.00317941 -0.0426471 0.0337027
0.107697 0.0777066 0.167695 0.0408501 0.00197814 0.0403731 0.115798 0.0755088 0.160861 0.0343867 -0.00681504 0.0310979
-0.103199 -0.10197 -0.11529 -0.0933536 -0.0308035 0.000430398 -0.11793 -0.101782 -0.118372 -0.0847204 -0.022803 0.00174356
-0.0625512 -0.218029 -0.0409663 -0.0342858 -0.0869915 0.0290095 -0.055754 -0.213285 -0.0451511 -0.0398274 -0.0843676 0.0323033
-0.109577 -0.198314 -0.0690793 -0.0262625 0.0688726 -0.00460857 -0.136591 -0.180428 -0.0740741 -0.0204801 0.0625363 -0.00876304
-0.091368 0.0110281 0.0167649 0.0367357 0.0502517 -0.0418517 -0.096007 -0.000142889 0.032185 0.0310033 0.0374045 -0.0475685
-0.016499 -0.0316717 -0.0558965 -0.0285774 0.0407956 -0.0240749 -0.0201925 -0.0232634 -0.0656562 -0.0312369 0.0450197 -0.0243622
-0.205885 -0.0283572 -0.102727 -0.0467968 0.00759071 -0.0570157 -0.200906 -0.0538957 -0.0895717 -0.0388929 0.00150904 -0.0496466
-0.0112537 0.133937 -0.0566264 -0.023621 0.117546 -0.00911064 -0.0176448 0.130348 -0.0505037 -0.0272229 0.113155 -0.00496541
